bundle,model,joint,trial,subject,condition,n_ch,n_flagged,mean_rmse,mean_r2,min_r2,max_rmse,flagged
1-DoF/ankle,1-DoF,ankle,AB01_Jinwoo::LG_0p8mps,AB01_Jinwoo,LG_0p8mps,2,1,0.24632418814395513,0.8553490449039884,0.8453592050591242,0.27468415496255894,True
1-DoF/ankle,1-DoF,ankle,AB01_Jinwoo::LG_1p2mps,AB01_Jinwoo,LG_1p2mps,2,2,0.2888971815256044,0.8544848801511989,0.8500534789655779,0.2900239157344765,True
1-DoF/ankle,1-DoF,ankle,AB01_Jinwoo::LG_1p6mps,AB01_Jinwoo,LG_1p6mps,2,2,0.2598971321704844,0.9234769342446882,0.9164469181485521,0.2619981737544754,True
1-DoF/ankle,1-DoF,ankle,AB01_Jinwoo::RA_0p8mps,AB01_Jinwoo,RA_0p8mps,2,1,0.2970287240891145,0.7842747027958721,0.7066856666203692,0.3557973759884702,True
1-DoF/ankle,1-DoF,ankle,AB05_Maria::LG_0p8mps,AB05_Maria,LG_0p8mps,2,2,0.5781916737169269,0.28514352469910986,0.038079475532185665,0.756576469006441,True
1-DoF/ankle,1-DoF,ankle,AB06_Jimin::RD_0p8mps,AB06_Jimin,RD_0p8mps,2,2,0.3119849939083082,0.5003102141851391,0.48159163120156007,0.32082120055385216,True
1-DoF/ankle,1-DoF,ankle,AB07_Amy::LG_1p6mps,AB07_Amy,LG_1p6mps,2,2,0.36302319895052815,0.6334310669964558,0.4826137956866303,0.4469442875849292,True
1-DoF/ankle,1-DoF,ankle,AB08_Seokhyun::LG_1p6mps,AB08_Seokhyun,LG_1p6mps,2,2,0.29167591517393004,0.9566612631717546,0.954163562982407,0.3276571005263843,True
1-DoF/ankle,1-DoF,ankle,AB08_Seokhyun::RA_0p8mps,AB08_Seokhyun,RA_0p8mps,2,2,0.3269940091545981,0.665348828905027,0.6148111740638924,0.36371145926192083,True
1-DoF/ankle,1-DoF,ankle,AB08_Seokhyun::RD_0p8mps,AB08_Seokhyun,RD_0p8mps,2,2,0.35303050008207904,0.5641541710595244,0.5124127352297524,0.3808672946088867,True
1-DoF/hip,1-DoF,hip,AB02_Oscar::LG_1p2mps,AB02_Oscar,LG_1p2mps,2,1,0.2537015441879128,0.6730996598447888,0.6070958232871986,0.2599843943365219,True
1-DoF/hip,1-DoF,hip,AB02_Oscar::RD_0p8mps,AB02_Oscar,RD_0p8mps,2,2,0.21245189272194598,0.2806624918573699,0.26986928450074443,0.22658983765284502,True
1-DoF/hip,1-DoF,hip,AB03_Ilseung::RD_0p8mps,AB03_Ilseung,RD_0p8mps,2,1,0.15295545774491126,0.6209418954830311,0.576793590524497,0.1546597125998487,True
1-DoF/hip,1-DoF,hip,AB04_Changseob::RD_0p8mps,AB04_Changseob,RD_0p8mps,2,2,0.1673135498792485,0.47493431923484003,0.37313811368911565,0.19422156302745527,True
1-DoF/hip,1-DoF,hip,AB05_Maria::LG_0p8mps,AB05_Maria,LG_0p8mps,2,2,0.3119136226533868,0.33201126863864205,0.27509975358920513,0.33785898530075514,True
1-DoF/hip,1-DoF,hip,AB05_Maria::RD_0p8mps,AB05_Maria,RD_0p8mps,2,2,0.21731820238169253,0.43397287206138224,0.38148418523227573,0.2243099947212545,True
1-DoF/hip,1-DoF,hip,AB06_Jimin::LG_0p8mps,AB06_Jimin,LG_0p8mps,2,2,0.1806830624746255,0.5777562258045088,0.5736582955735835,0.18088588449133677,True
1-DoF/hip,1-DoF,hip,AB06_Jimin::RA_0p8mps,AB06_Jimin,RA_0p8mps,2,2,0.28380820516491967,0.5685962258934434,0.555424440362443,0.29014842189329043,True
1-DoF/hip,1-DoF,hip,AB06_Jimin::RD_0p8mps,AB06_Jimin,RD_0p8mps,2,2,0.15646069217094302,0.5654165067984441,0.5586666363658414,0.15857806504373942,True
1-DoF/hip,1-DoF,hip,AB07_Amy::RD_0p8mps,AB07_Amy,RD_0p8mps,2,2,0.1940129761212608,0.5351447192346661,0.5177336723857441,0.19529310742662598,True
1-DoF/hip,1-DoF,hip,AB08_Seokhyun::RD_0p8mps,AB08_Seokhyun,RD_0p8mps,2,2,0.22054293721626284,0.4508683048172902,0.4138550062294183,0.23076019968190448,True
1-DoF/knee,1-DoF,knee,AB01_Jinwoo::LG_0p8mps,AB01_Jinwoo,LG_0p8mps,2,2,0.2379513521807004,0.2143508978411855,0.029207122993584758,0.32646113505334534,True
1-DoF/knee,1-DoF,knee,AB01_Jinwoo::LG_1p2mps,AB01_Jinwoo,LG_1p2mps,2,2,0.30728304657292066,0.2798128562842622,0.11990803693895019,0.40527446231098035,True
1-DoF/knee,1-DoF,knee,AB01_Jinwoo::LG_1p6mps,AB01_Jinwoo,LG_1p6mps,2,1,0.32243237198244784,0.4458104450414716,0.260828161560905,0.4286257254800839,True
1-DoF/knee,1-DoF,knee,AB01_Jinwoo::RA_0p8mps,AB01_Jinwoo,RA_0p8mps,2,1,0.19807741326687103,0.5508767814597597,0.312885310128834,0.2666944987885904,True
1-DoF/knee,1-DoF,knee,AB01_Jinwoo::RD_0p8mps,AB01_Jinwoo,RD_0p8mps,2,2,0.5148657936907881,0.07963839818617038,0.0007546454230770913,0.6456344635549831,True
1-DoF/knee,1-DoF,knee,AB02_Oscar::LG_0p8mps,AB02_Oscar,LG_0p8mps,2,2,0.2626444245049178,0.0501438760040839,0.039437276936806626,0.3087980881227804,True
1-DoF/knee,1-DoF,knee,AB02_Oscar::LG_1p2mps,AB02_Oscar,LG_1p2mps,2,1,0.14521786073273785,0.49975758250997726,0.32989975461269205,0.18539028739383304,True
1-DoF/knee,1-DoF,knee,AB02_Oscar::LG_1p6mps,AB02_Oscar,LG_1p6mps,2,1,0.25229703177300883,0.8024810178433012,0.7367296932940574,0.30254034927667967,True
1-DoF/knee,1-DoF,knee,AB02_Oscar::RD_0p8mps,AB02_Oscar,RD_0p8mps,2,1,0.2768381984476863,0.8254306623479033,0.8175544553607185,0.3249451811779538,True
1-DoF/knee,1-DoF,knee,AB04_Changseob::LG_0p8mps,AB04_Changseob,LG_0p8mps,2,2,0.17503777965477035,0.5368331340809496,0.514166172523562,0.1852960731260904,True
1-DoF/knee,1-DoF,knee,AB05_Maria::LG_0p8mps,AB05_Maria,LG_0p8mps,2,2,0.3826539793793151,0.02642706236661018,0.019220397033057425,0.4016441197626016,True
1-DoF/knee,1-DoF,knee,AB06_Jimin::LG_0p8mps,AB06_Jimin,LG_0p8mps,2,1,0.12383636897448297,0.659069512448076,0.5777790629000314,0.14205321449236658,True
1-DoF/knee,1-DoF,knee,AB07_Amy::LG_0p8mps,AB07_Amy,LG_0p8mps,2,1,0.08997948942705067,0.6964207516807943,0.5962257447704137,0.10657562049137383,True
1-DoF/knee,1-DoF,knee,AB08_Seokhyun::LG_0p8mps,AB08_Seokhyun,LG_0p8mps,2,2,0.09495575782608497,0.5721528637427584,0.5699016817928837,0.11077107623961245,True
1-DoF/knee,1-DoF,knee,AB08_Seokhyun::RA_0p8mps,AB08_Seokhyun,RA_0p8mps,2,1,0.17303259943797714,0.5993738861789183,0.555196996921463,0.20092244198927497,True
1-DoF/knee,1-DoF,knee,AB08_Seokhyun::RD_0p8mps,AB08_Seokhyun,RD_0p8mps,2,1,0.18480446347515783,0.664414634329514,0.5753406342200679,0.2056970531006985,True
3-DoF,3-DoF,ankle,AB01_Jinwoo::LG_0p8mps,AB01_Jinwoo,LG_0p8mps,2,1,0.2982210362805803,0.8471795940095616,0.7697941598179965,0.3802091953233038,True
3-DoF,3-DoF,ankle,AB01_Jinwoo::LG_1p2mps,AB01_Jinwoo,LG_1p2mps,2,1,0.24099054719161236,0.9183803887283577,0.8730091708793858,0.2799771199670203,True
3-DoF,3-DoF,ankle,AB01_Jinwoo::RA_0p8mps,AB01_Jinwoo,RA_0p8mps,2,1,0.22296399286889337,0.917435490241327,0.860761459297124,0.33472842852448775,True
3-DoF,3-DoF,ankle,AB05_Maria::LG_0p8mps,AB05_Maria,LG_0p8mps,2,2,0.5822929466697235,0.3009397459989126,0.042643215769877715,0.7756736383370397,True
3-DoF,3-DoF,ankle,AB05_Maria::RA_0p8mps,AB05_Maria,RA_0p8mps,2,1,0.19578897359195158,0.9021246572537179,0.8745878895994056,0.25376752051723966,True
3-DoF,3-DoF,ankle,AB08_Seokhyun::RA_0p8mps,AB08_Seokhyun,RA_0p8mps,2,1,0.25321225486476234,0.8278921372429189,0.796949940960146,0.2756526826076762,True
3-DoF,3-DoF,hip,AB02_Oscar::RA_0p8mps,AB02_Oscar,RA_0p8mps,2,2,0.28185942137199993,0.8005777636394353,0.7891372295165957,0.2945002827726754,True
3-DoF,3-DoF,hip,AB03_Ilseung::RA_0p8mps,AB03_Ilseung,RA_0p8mps,2,2,0.27312043873133096,0.7987665878359803,0.7433181483938084,0.27611840425205175,True
3-DoF,3-DoF,hip,AB04_Changseob::RD_0p8mps,AB04_Changseob,RD_0p8mps,2,1,0.1386047451394556,0.6422661644407268,0.5452436491926266,0.16115359780775884,True
3-DoF,3-DoF,hip,AB05_Maria::LG_0p8mps,AB05_Maria,LG_0p8mps,2,2,0.3185882687668015,0.2629891020502056,0.24679456290634919,0.3357639479654014,True
3-DoF,3-DoF,hip,AB05_Maria::RA_0p8mps,AB05_Maria,RA_0p8mps,2,1,0.22973599996158198,0.7795405523249477,0.7477970681923801,0.25578534873543296,True
3-DoF,3-DoF,hip,AB05_Maria::RD_0p8mps,AB05_Maria,RD_0p8mps,2,1,0.1729280810008399,0.6380581721501606,0.5874646127245211,0.1832507269435252,True
3-DoF,3-DoF,hip,AB08_Seokhyun::RA_0p8mps,AB08_Seokhyun,RA_0p8mps,2,2,0.2568707958874096,0.7344686366840345,0.7267521089006796,0.2603092193879441,True
3-DoF,3-DoF,knee,AB01_Jinwoo::LG_0p8mps,AB01_Jinwoo,LG_0p8mps,2,1,0.20251293720687796,0.4049754701851839,0.09475978449373891,0.29957952742871485,True
3-DoF,3-DoF,knee,AB01_Jinwoo::LG_1p2mps,AB01_Jinwoo,LG_1p2mps,2,1,0.1955278525382352,0.6893146383986328,0.4781701270785663,0.3047203252270357,True
3-DoF,3-DoF,knee,AB01_Jinwoo::LG_1p6mps,AB01_Jinwoo,LG_1p6mps,2,1,0.18394567967420775,0.8513267271932714,0.7545659315266114,0.284322255562856,True
3-DoF,3-DoF,knee,AB01_Jinwoo::RD_0p8mps,AB01_Jinwoo,RD_0p8mps,2,2,0.3843398866767508,0.330184120683939,0.17983453515778747,0.5056710062918434,True
3-DoF,3-DoF,knee,AB02_Oscar::LG_0p8mps,AB02_Oscar,LG_0p8mps,2,2,0.22451051558967,0.12242767839370117,0.003222508520982798,0.27152451468367966,True
3-DoF,3-DoF,knee,AB02_Oscar::RA_0p8mps,AB02_Oscar,RA_0p8mps,2,1,0.23465718082914205,0.6999156776097935,0.6733154707568126,0.2544771290202525,True
3-DoF,3-DoF,knee,AB02_Oscar::RD_0p8mps,AB02_Oscar,RD_0p8mps,2,1,0.24313992370815474,0.88499522851566,0.8816085766513838,0.26771906527557005,True
3-DoF,3-DoF,knee,AB05_Maria::LG_0p8mps,AB05_Maria,LG_0p8mps,2,2,0.3859248816830817,0.02323934954497433,0.017391992925875312,0.39997153669862906,True
3-DoF,3-DoF,knee,AB07_Amy::LG_0p8mps,AB07_Amy,LG_0p8mps,2,1,0.08778256783472649,0.6521198877380425,0.5955170426115233,0.10391966314324734,True
