trial,channel,joint,subject,condition,rmse_full,r2_full,rmse_single,r2_single,delta_rmse,delta_r2,single_worse_rmse,single_worse_r2
AB01_Jinwoo::LG_0p8mps,hip_flexion_r,hip,AB01_Jinwoo,LG_0p8mps,0.0903640765,0.7909089158,0.10743884990000001,0.7044257564,0.017074773400000007,-0.08648315939999995,True,True
AB01_Jinwoo::LG_0p8mps,knee_angle_r,knee,AB01_Jinwoo,LG_0p8mps,0.10544634700000001,0.4754732836,0.1494415693,-0.0535311347,0.043995222299999984,-0.5290044183,True,True
AB01_Jinwoo::LG_0p8mps,ankle_angle_r,ankle,AB01_Jinwoo,LG_0p8mps,0.2162328772,0.81193483,0.2179642213,0.8089111542,0.001731344100000004,-0.0030236757999999586,True,True
AB01_Jinwoo::LG_0p8mps,hip_flexion_l,hip,AB01_Jinwoo,LG_0p8mps,0.07512384300000001,0.8738752109,0.1070186722,0.7440447882,0.03189482919999999,-0.1298304227,True,True
AB01_Jinwoo::LG_0p8mps,knee_angle_l,knee,AB01_Jinwoo,LG_0p8mps,0.2995795274,-1.6173279455,0.3264611351,-2.1081133734,0.026881607700000032,-0.4907854279000001,True,True
AB01_Jinwoo::LG_0p8mps,ankle_angle_l,ankle,AB01_Jinwoo,LG_0p8mps,0.3802091953,0.45342574900000004,0.27468415500000004,0.7147201139,-0.10552504029999998,0.26129436489999996,False,False
AB01_Jinwoo::RA_0p8mps,hip_flexion_r,hip,AB01_Jinwoo,RA_0p8mps,0.1157467123,0.8531217852,0.158680588,0.7239500586000001,0.04293387570000001,-0.12917172659999998,True,True
AB01_Jinwoo::RA_0p8mps,knee_angle_r,knee,AB01_Jinwoo,RA_0p8mps,0.11855300760000001,0.7832756488,0.12946032770000002,0.7415622426,0.010907320100000006,-0.04171340619999997,True,True
AB01_Jinwoo::RA_0p8mps,ankle_angle_r,ankle,AB01_Jinwoo,RA_0p8mps,0.11119955720000001,0.9587436177,0.2382600722,0.8105966897,0.12706051499999998,-0.14814692800000007,True,True
AB01_Jinwoo::RA_0p8mps,hip_flexion_l,hip,AB01_Jinwoo,RA_0p8mps,0.1012132347,0.9072780565,0.1729920811,0.7291303397000001,0.0717788464,-0.17814771679999997,True,True
AB01_Jinwoo::RA_0p8mps,knee_angle_l,knee,AB01_Jinwoo,RA_0p8mps,0.2179303205,0.1776053901,0.2666944988,-0.23160957040000002,0.048764178300000016,-0.40921496050000006,True,True
AB01_Jinwoo::RA_0p8mps,ankle_angle_l,ankle,AB01_Jinwoo,RA_0p8mps,0.3347284285,0.5998421514,0.355797376,0.5478821810000001,0.02106894749999999,-0.05195997039999989,True,True
AB01_Jinwoo::RD_0p8mps,hip_flexion_r,hip,AB01_Jinwoo,RD_0p8mps,0.1380853387,0.6295443648,0.1460575526,0.5855338141,0.007972213899999997,-0.04401055069999993,True,True
AB01_Jinwoo::RD_0p8mps,knee_angle_r,knee,AB01_Jinwoo,RD_0p8mps,0.2630087671,0.0868648907,0.3840971238,-0.9474965673,0.12108835670000001,-1.034361458,True,True
AB01_Jinwoo::RD_0p8mps,ankle_angle_r,ankle,AB01_Jinwoo,RD_0p8mps,0.1967432042,0.8161812794000001,0.15885664830000001,0.8801602073,-0.03788655589999998,0.06397892789999993,False,False
AB01_Jinwoo::RD_0p8mps,hip_flexion_l,hip,AB01_Jinwoo,RD_0p8mps,0.08494992550000001,0.8281732276,0.135710662,0.5614766066,0.0507607365,-0.266696621,True,True
AB01_Jinwoo::RD_0p8mps,knee_angle_l,knee,AB01_Jinwoo,RD_0p8mps,0.5056710063000001,-0.7054946869000001,0.6456344636,-1.7802744832,0.13996345729999993,-1.0747797962999999,True,True
AB01_Jinwoo::RD_0p8mps,ankle_angle_l,ankle,AB01_Jinwoo,RD_0p8mps,0.2349691254,0.7433369668,0.1256723428,0.9265788564,-0.1092967826,0.18324188959999999,False,False
AB01_Jinwoo::LG_1p2mps,hip_flexion_r,hip,AB01_Jinwoo,LG_1p2mps,0.1348406833,0.8021144896,0.1149039005,0.8563050026,-0.01993678280000001,0.054190512999999996,False,False
AB01_Jinwoo::LG_1p2mps,knee_angle_r,knee,AB01_Jinwoo,LG_1p2mps,0.0863353798,0.8466155347000001,0.20929163080000002,0.0986208819,0.12295625100000002,-0.7479946528000001,True,True
AB01_Jinwoo::LG_1p2mps,ankle_angle_r,ankle,AB01_Jinwoo,LG_1p2mps,0.2020039744,0.8716228810000001,0.2900239157,0.735372228,0.08801994130000002,-0.13625065300000005,True,True
AB01_Jinwoo::LG_1p2mps,hip_flexion_l,hip,AB01_Jinwoo,LG_1p2mps,0.08165231810000001,0.9375974632,0.1239198356,0.8562701859,0.04226751749999999,-0.0813272773,True,True
AB01_Jinwoo::LG_1p2mps,knee_angle_l,knee,AB01_Jinwoo,LG_1p2mps,0.30472032520000003,-0.1512671949,0.4052744623,-1.0364406611,0.1005541371,-0.8851734662000001,True,True
AB01_Jinwoo::LG_1p2mps,ankle_angle_l,ankle,AB01_Jinwoo,LG_1p2mps,0.27997712,0.7422305845,0.2877704473,0.7276805339,0.007793327299999986,-0.01455005060000003,True,True
AB01_Jinwoo::LG_1p6mps,hip_flexion_r,hip,AB01_Jinwoo,LG_1p6mps,0.1600618355,0.8744407460000001,0.1532232356,0.8849405220000001,-0.006838599899999992,0.01049977599999996,False,False
AB01_Jinwoo::LG_1p6mps,knee_angle_r,knee,AB01_Jinwoo,LG_1p6mps,0.0835691038,0.9192870255000001,0.21623901850000002,0.45959421920000004,0.1326699147,-0.45969280630000003,True,True
AB01_Jinwoo::LG_1p6mps,ankle_angle_r,ankle,AB01_Jinwoo,LG_1p6mps,0.2069750658,0.8891237271,0.2577960906,0.8279893986,0.05082102480000003,-0.0611343285,True,True
AB01_Jinwoo::LG_1p6mps,hip_flexion_l,hip,AB01_Jinwoo,LG_1p6mps,0.11297182380000001,0.9462754793,0.16544579750000002,0.8847757871,0.05247397370000001,-0.061499692199999956,True,True
AB01_Jinwoo::LG_1p6mps,knee_angle_l,knee,AB01_Jinwoo,LG_1p6mps,0.2843222556,0.3928518593,0.4286257255,-0.3798422041,0.14430346989999998,-0.7726940634,True,True
AB01_Jinwoo::LG_1p6mps,ankle_angle_l,ankle,AB01_Jinwoo,LG_1p6mps,0.2457983457,0.8191558399000001,0.2619981738,0.7945325145000001,0.016199828100000008,-0.024623325400000007,True,True
AB02_Oscar::LG_0p8mps,hip_flexion_r,hip,AB02_Oscar,LG_0p8mps,0.1277753976,0.6238473856,0.1091512111,0.725509878,-0.0186241865,0.10166249240000003,False,False
AB02_Oscar::LG_0p8mps,knee_angle_r,knee,AB02_Oscar,LG_0p8mps,0.1774965165,-2.1905347829,0.2164907609,-3.7463804778,0.03899424439999999,-1.5558456949,True,True
AB02_Oscar::LG_0p8mps,ankle_angle_r,ankle,AB02_Oscar,LG_0p8mps,0.14095907030000002,0.9206641415000001,0.1629367623,0.8939961504,0.021977691999999993,-0.026667991100000066,True,True
AB02_Oscar::LG_0p8mps,hip_flexion_l,hip,AB02_Oscar,LG_0p8mps,0.1020539205,0.7435623466,0.1263035536,0.6072162185000001,0.0242496331,-0.1363461280999999,True,True
AB02_Oscar::LG_0p8mps,knee_angle_l,knee,AB02_Oscar,LG_0p8mps,0.2715245147,-3.4965997519,0.30879808810000003,-4.8158787742,0.03727357340000004,-1.3192790223,True,True
AB02_Oscar::LG_0p8mps,ankle_angle_l,ankle,AB02_Oscar,LG_0p8mps,0.18244456920000002,0.876864831,0.1518890175,0.9146560036,-0.030555551700000017,0.03779117259999998,False,False
AB02_Oscar::RA_0p8mps,hip_flexion_r,hip,AB02_Oscar,RA_0p8mps,0.2945002828,0.2705358162,0.1705118053,0.7554647646,-0.1239884775,0.4849289484,False,False
AB02_Oscar::RA_0p8mps,knee_angle_r,knee,AB02_Oscar,RA_0p8mps,0.2148372326,0.6041562716000001,0.1270053494,0.8616597052,-0.08783188320000002,0.25750343359999994,False,False
AB02_Oscar::RA_0p8mps,ankle_angle_r,ankle,AB02_Oscar,RA_0p8mps,0.1473010568,0.9240636429,0.1772038936,0.8901033247000001,0.0299028368,-0.033960318199999895,True,True
AB02_Oscar::RA_0p8mps,hip_flexion_l,hip,AB02_Oscar,RA_0p8mps,0.26921856,0.39067326010000003,0.1809022113,0.7248763056,-0.08831634869999999,0.3342030455,False,False
AB02_Oscar::RA_0p8mps,knee_angle_l,knee,AB02_Oscar,RA_0p8mps,0.254477129,0.4058782743,0.2276658705,0.5244745325,-0.026811258500000018,0.11859625819999997,False,False
AB02_Oscar::RA_0p8mps,ankle_angle_l,ankle,AB02_Oscar,RA_0p8mps,0.1605520417,0.9106539443,0.1900351988,0.8748266665000001,0.02948315709999999,-0.035827277799999946,True,True
AB02_Oscar::RD_0p8mps,hip_flexion_r,hip,AB02_Oscar,RD_0p8mps,0.16129967050000002,0.4508881766,0.22658983770000002,-0.0836142089,0.0652901672,-0.5345023855000001,True,True
AB02_Oscar::RD_0p8mps,knee_angle_r,knee,AB02_Oscar,RD_0p8mps,0.21856078210000002,0.6515311595000001,0.22873121570000002,0.6183455290000001,0.0101704336,-0.03318563050000001,True,True
AB02_Oscar::RD_0p8mps,ankle_angle_r,ankle,AB02_Oscar,RD_0p8mps,0.1417127195,0.9014712291,0.1627187638,0.8700965536,0.0210060443,-0.03137467549999995,True,True
AB02_Oscar::RD_0p8mps,hip_flexion_l,hip,AB02_Oscar,RD_0p8mps,0.1331537526,0.5682005528,0.1983139478,0.0421846762,0.06516019519999999,-0.5260158766,True,True
AB02_Oscar::RD_0p8mps,knee_angle_l,knee,AB02_Oscar,RD_0p8mps,0.2677190653,0.6305849321,0.3249451812,0.4557778578,0.057226115899999985,-0.17480707429999998,True,True
AB02_Oscar::RD_0p8mps,ankle_angle_l,ankle,AB02_Oscar,RD_0p8mps,0.16600702720000002,0.8762625015000001,0.1564253541,0.89013416,-0.009581673100000021,0.01387165849999994,False,False
AB02_Oscar::LG_1p2mps,hip_flexion_r,hip,AB02_Oscar,LG_1p2mps,0.1851373957,0.6845107895,0.24741869400000002,0.4365424129,0.06228129830000001,-0.24796837659999998,True,True
AB02_Oscar::LG_1p2mps,knee_angle_r,knee,AB02_Oscar,LG_1p2mps,0.054506028500000005,0.8889184607,0.1050454341,0.5874209498,0.0505394056,-0.3014975109,True,True
AB02_Oscar::LG_1p2mps,ankle_angle_r,ankle,AB02_Oscar,LG_1p2mps,0.1301245698,0.9502102362,0.1666280494,0.9183572408,0.0365034796,-0.03185299539999997,True,True
AB02_Oscar::LG_1p2mps,hip_flexion_l,hip,AB02_Oscar,LG_1p2mps,0.1509284612,0.7868429761,0.25998439430000003,0.3675125395,0.10905593310000003,-0.41933043659999997,True,True
AB02_Oscar::LG_1p2mps,knee_angle_l,knee,AB02_Oscar,LG_1p2mps,0.0990841319,0.7118195524,0.18539028740000002,-0.008858482,0.08630615550000002,-0.7206780344000001,True,True
AB02_Oscar::LG_1p2mps,ankle_angle_l,ankle,AB02_Oscar,LG_1p2mps,0.139167651,0.9427190761,0.1645207089,0.9199475616,0.025353057900000003,-0.022771514500000034,True,True
AB02_Oscar::LG_1p6mps,hip_flexion_r,hip,AB02_Oscar,LG_1p6mps,0.1788330109,0.8396956750000001,0.1388520262,0.9033605819,-0.0399809847,0.06366490689999993,False,False
AB02_Oscar::LG_1p6mps,knee_angle_r,knee,AB02_Oscar,LG_1p6mps,0.0633365604,0.9712386504,0.20205371430000002,0.7072924064,0.1387171539,-0.263946244,True,True
AB02_Oscar::LG_1p6mps,ankle_angle_r,ankle,AB02_Oscar,LG_1p6mps,0.1138276121,0.9671828619,0.2136540258,0.8843814240000001,0.0998264137,-0.08280143789999994,True,True
AB02_Oscar::LG_1p6mps,hip_flexion_l,hip,AB02_Oscar,LG_1p6mps,0.1742995538,0.8499009638,0.1276168643,0.9195360235000001,-0.04668268950000001,0.06963505970000006,False,False
AB02_Oscar::LG_1p6mps,knee_angle_l,knee,AB02_Oscar,LG_1p6mps,0.1574981454,0.8622449461,0.3025403493,0.491696312,0.1450422039,-0.3705486341,True,True
AB02_Oscar::LG_1p6mps,ankle_angle_l,ankle,AB02_Oscar,LG_1p6mps,0.13988260530000002,0.9510099507,0.21463290440000002,0.8846618298000001,0.0747502991,-0.06634812089999997,True,True
AB03_Ilseung::LG_0p8mps,hip_flexion_r,hip,AB03_Ilseung,LG_0p8mps,0.1230061846,0.5046031862,0.0935202579,0.7136410873,-0.029485926699999998,0.20903790109999998,False,False
AB03_Ilseung::LG_0p8mps,knee_angle_r,knee,AB03_Ilseung,LG_0p8mps,0.0479447197,0.8868095378,0.0513272855,0.8702746475,0.003382565800000001,-0.016534890299999994,True,True
AB03_Ilseung::LG_0p8mps,ankle_angle_r,ankle,AB03_Ilseung,LG_0p8mps,0.0926448116,0.9539181638,0.1104520318,0.9345009517,0.0178072202,-0.019417212100000025,True,True
AB03_Ilseung::LG_0p8mps,hip_flexion_l,hip,AB03_Ilseung,LG_0p8mps,0.13031336400000001,0.5236612784,0.1299838626,0.5260671071,-0.00032950140000001515,0.0024058287000000567,False,False
AB03_Ilseung::LG_0p8mps,knee_angle_l,knee,AB03_Ilseung,LG_0p8mps,0.0603958037,0.8256467269000001,0.054549434,0.8577680799,-0.0058463696999999995,0.032121352999999964,False,False
AB03_Ilseung::LG_0p8mps,ankle_angle_l,ankle,AB03_Ilseung,LG_0p8mps,0.0844634115,0.9651917489,0.1013290819,0.9499028314,0.016865670400000005,-0.015288917500000054,True,True
AB03_Ilseung::RA_0p8mps,hip_flexion_r,hip,AB03_Ilseung,RA_0p8mps,0.2701224732,0.3812645181,0.1588656612,0.7859852746,-0.11125681199999998,0.4047207565,False,False
AB03_Ilseung::RA_0p8mps,knee_angle_r,knee,AB03_Ilseung,RA_0p8mps,0.07913993970000001,0.9294320737,0.10808020360000001,0.8683841376,0.0289402639,-0.06104793610000003,True,True
AB03_Ilseung::RA_0p8mps,ankle_angle_r,ankle,AB03_Ilseung,RA_0p8mps,0.1316769182,0.9378704579,0.16942235960000002,0.8971462105,0.037745441400000024,-0.040724247400000024,True,True
AB03_Ilseung::RA_0p8mps,hip_flexion_l,hip,AB03_Ilseung,RA_0p8mps,0.2761184043,0.3618480412,0.1557888797,0.7968549213,-0.12032952460000002,0.4350068801,False,False
AB03_Ilseung::RA_0p8mps,knee_angle_l,knee,AB03_Ilseung,RA_0p8mps,0.0683803087,0.9122468306,0.1337578238,0.6642321683,0.0653775151,-0.24801466230000002,True,True
AB03_Ilseung::RA_0p8mps,ankle_angle_l,ankle,AB03_Ilseung,RA_0p8mps,0.10869475290000001,0.9541635089,0.11584666980000001,0.9479331491,0.007151916899999999,-0.006230359799999974,True,True
AB03_Ilseung::RD_0p8mps,hip_flexion_r,hip,AB03_Ilseung,RD_0p8mps,0.142483567,0.6022981945,0.1546597126,0.5314214521,0.012176145599999993,-0.07087674239999997,True,True
AB03_Ilseung::RD_0p8mps,knee_angle_r,knee,AB03_Ilseung,RD_0p8mps,0.0807824739,0.9447055899000001,0.1038135053,0.9086823676,0.0230310314,-0.0360232223000001,True,True
AB03_Ilseung::RD_0p8mps,ankle_angle_r,ankle,AB03_Ilseung,RD_0p8mps,0.1557973221,0.8663110124000001,0.1523922071,0.8720909789,-0.0034051149999999863,0.0057799664999999,False,False
AB03_Ilseung::RD_0p8mps,hip_flexion_l,hip,AB03_Ilseung,RD_0p8mps,0.1030994144,0.7358176212,0.1512512029,0.4314232147,0.04815178849999999,-0.30439440650000005,True,True
AB03_Ilseung::RD_0p8mps,knee_angle_l,knee,AB03_Ilseung,RD_0p8mps,0.1022864891,0.8717703646,0.1516206263,0.7182470733,0.0493341372,-0.15352329129999998,True,True
AB03_Ilseung::RD_0p8mps,ankle_angle_l,ankle,AB03_Ilseung,RD_0p8mps,0.17870135550000002,0.8071469537,0.1621961804,0.8411262834000001,-0.01650517510000002,0.03397932970000006,False,False
AB03_Ilseung::LG_1p2mps,hip_flexion_r,hip,AB03_Ilseung,LG_1p2mps,0.1480899977,0.7477354339000001,0.0911856136,0.9043560620000001,-0.0569043841,0.1566206281,False,False
AB03_Ilseung::LG_1p2mps,knee_angle_r,knee,AB03_Ilseung,LG_1p2mps,0.0690840945,0.9117889591,0.061574374,0.9299244012000001,-0.007509720499999997,0.018135442100000065,False,False
AB03_Ilseung::LG_1p2mps,ankle_angle_r,ankle,AB03_Ilseung,LG_1p2mps,0.1403779253,0.9295653297,0.10951342300000001,0.9571329543,-0.0308645023,0.02756762459999995,False,False
AB03_Ilseung::LG_1p2mps,hip_flexion_l,hip,AB03_Ilseung,LG_1p2mps,0.142377405,0.7573303172,0.1056960157,0.8662632978,-0.036681389300000006,0.1089329806,False,False
AB03_Ilseung::LG_1p2mps,knee_angle_l,knee,AB03_Ilseung,LG_1p2mps,0.08445161670000001,0.8580115621000001,0.055643892300000004,0.9383586633000001,-0.028807724400000005,0.08034710119999999,False,False
AB03_Ilseung::LG_1p2mps,ankle_angle_l,ankle,AB03_Ilseung,LG_1p2mps,0.16337087190000002,0.9049978016,0.1255092036,0.9439293554,-0.03786166830000001,0.03893155380000002,False,False
AB03_Ilseung::LG_1p6mps,hip_flexion_r,hip,AB03_Ilseung,LG_1p6mps,0.1461713202,0.8792898832,0.10053748100000001,0.942894843,-0.0456338392,0.06360495980000003,False,False
AB03_Ilseung::LG_1p6mps,knee_angle_r,knee,AB03_Ilseung,LG_1p6mps,0.0949717496,0.8979166156,0.1178739711,0.8427458876,0.0229022215,-0.055170728,True,True
AB03_Ilseung::LG_1p6mps,ankle_angle_r,ankle,AB03_Ilseung,LG_1p6mps,0.1636283593,0.9294334994000001,0.1982918249,0.8963686754,0.0346634656,-0.033064824000000104,True,True
AB03_Ilseung::LG_1p6mps,hip_flexion_l,hip,AB03_Ilseung,LG_1p6mps,0.1642939964,0.8457801749,0.1368877848,0.8929402536000001,-0.027406211600000008,0.04716007870000005,False,False
AB03_Ilseung::LG_1p6mps,knee_angle_l,knee,AB03_Ilseung,LG_1p6mps,0.1008880055,0.8858831672,0.09718419240000001,0.8941083057,-0.0037038130999999946,0.008225138499999951,False,False
AB03_Ilseung::LG_1p6mps,ankle_angle_l,ankle,AB03_Ilseung,LG_1p6mps,0.1982883013,0.8929312825,0.2072258306,0.8830618566,0.008937529299999997,-0.00986942589999995,True,True
AB04_Changseob::LG_0p8mps,hip_flexion_r,hip,AB04_Changseob,LG_0p8mps,0.0916696756,0.8055650071,0.0977154097,0.7790728173,0.006045734100000005,-0.02649218980000001,True,True
AB04_Changseob::LG_0p8mps,knee_angle_r,knee,AB04_Changseob,LG_0p8mps,0.1112662339,0.5234037475000001,0.16477948620000002,-0.0452739692,0.05351325230000002,-0.5686777167000001,True,True
AB04_Changseob::LG_0p8mps,ankle_angle_r,ankle,AB04_Changseob,LG_0p8mps,0.1113596479,0.9309853164,0.1525992847,0.8704042382,0.04123963680000001,-0.06058107820000003,True,True
AB04_Changseob::LG_0p8mps,hip_flexion_l,hip,AB04_Changseob,LG_0p8mps,0.1400115686,0.6622683713,0.1587211127,0.5659764541,0.018709544100000003,-0.09629191720000008,True,True
AB04_Changseob::LG_0p8mps,knee_angle_l,knee,AB04_Changseob,LG_0p8mps,0.14014410500000002,0.2068447638,0.1852960731,-0.3865673134,0.045151968099999995,-0.5934120772,True,True
AB04_Changseob::LG_0p8mps,ankle_angle_l,ankle,AB04_Changseob,LG_0p8mps,0.1808059371,0.7765195832,0.19008334670000002,0.7529969947,0.009277409600000008,-0.023522588499999997,True,True
AB04_Changseob::RA_0p8mps,hip_flexion_r,hip,AB04_Changseob,RA_0p8mps,0.2094656255,0.7162209115,0.2063681023,0.7245517582000001,-0.0030975232000000075,0.00833084670000006,False,False
AB04_Changseob::RA_0p8mps,knee_angle_r,knee,AB04_Changseob,RA_0p8mps,0.1786795856,0.572648476,0.1715560422,0.6060442707,-0.0071235433999999875,0.03339579469999998,False,False
AB04_Changseob::RA_0p8mps,ankle_angle_r,ankle,AB04_Changseob,RA_0p8mps,0.2026281268,0.7919171682,0.1853564395,0.8258786012,-0.017271687300000005,0.033961432999999985,False,False
AB04_Changseob::RA_0p8mps,hip_flexion_l,hip,AB04_Changseob,RA_0p8mps,0.1817487503,0.838840425,0.2185330522,0.7670045126,0.03678430189999998,-0.07183591239999998,True,True
AB04_Changseob::RA_0p8mps,knee_angle_l,knee,AB04_Changseob,RA_0p8mps,0.10951569800000001,0.8570047784,0.1215239221,0.8239271764,0.012008224099999992,-0.033077601999999984,True,True
AB04_Changseob::RA_0p8mps,ankle_angle_l,ankle,AB04_Changseob,RA_0p8mps,0.1460771653,0.8802162198,0.1574431883,0.8608506759000001,0.011366023000000003,-0.019365543899999893,True,True
AB04_Changseob::RD_0p8mps,hip_flexion_r,hip,AB04_Changseob,RD_0p8mps,0.11605589250000001,0.6588232998,0.1404055367,0.5006403565,0.024349644199999992,-0.15818294329999993,True,True
AB04_Changseob::RD_0p8mps,knee_angle_r,knee,AB04_Changseob,RD_0p8mps,0.1690105079,0.7783440584,0.2001134196,0.6892548278,0.031102911700000013,-0.08908923059999996,True,True
AB04_Changseob::RD_0p8mps,ankle_angle_r,ankle,AB04_Changseob,RD_0p8mps,0.1516766017,0.8846705294,0.1671979822,0.8598590095,0.015521380500000015,-0.024811519899999968,True,True
AB04_Changseob::RD_0p8mps,hip_flexion_l,hip,AB04_Changseob,RD_0p8mps,0.1611535978,0.2455996577,0.194221563,-0.095763311,0.03306796520000002,-0.3413629687,True,True
AB04_Changseob::RD_0p8mps,knee_angle_l,knee,AB04_Changseob,RD_0p8mps,0.1857593917,0.6252753795,0.2001625951,0.5649125923,0.014403203400000009,-0.06036278719999999,True,True
AB04_Changseob::RD_0p8mps,ankle_angle_l,ankle,AB04_Changseob,RD_0p8mps,0.1730934966,0.8501534167,0.20330233490000002,0.7932859121,0.030208838300000013,-0.05686750460000001,True,True
AB04_Changseob::LG_1p2mps,hip_flexion_r,hip,AB04_Changseob,LG_1p2mps,0.11667122240000001,0.8859766767,0.1043379114,0.9088093153000001,-0.012333311000000013,0.022832638600000066,False,False
AB04_Changseob::LG_1p2mps,knee_angle_r,knee,AB04_Changseob,LG_1p2mps,0.0564371851,0.9428494212,0.1492398787,0.6003684946,0.09280269359999999,-0.34248092660000007,True,True
AB04_Changseob::LG_1p2mps,ankle_angle_r,ankle,AB04_Changseob,LG_1p2mps,0.08639866800000001,0.9743502685000001,0.1465009019,0.9262521563,0.060102233899999996,-0.04809811220000004,True,True
AB04_Changseob::LG_1p2mps,hip_flexion_l,hip,AB04_Changseob,LG_1p2mps,0.16035250480000002,0.8295633807,0.1631325126,0.8236024838,0.002780007799999984,-0.005960896900000012,True,True
AB04_Changseob::LG_1p2mps,knee_angle_l,knee,AB04_Changseob,LG_1p2mps,0.07560981630000001,0.8830505371,0.1452602267,0.5683464662000001,0.06965041039999999,-0.31470407089999997,True,True
AB04_Changseob::LG_1p2mps,ankle_angle_l,ankle,AB04_Changseob,LG_1p2mps,0.10469003980000001,0.9595973063000001,0.1600193361,0.9056059717,0.05532929629999998,-0.05399133460000005,True,True
AB04_Changseob::LG_1p6mps,hip_flexion_r,hip,AB04_Changseob,LG_1p6mps,0.1506181485,0.9093313834000001,0.1610213784,0.8963738269,0.010403229900000005,-0.012957556500000078,True,True
AB04_Changseob::LG_1p6mps,knee_angle_r,knee,AB04_Changseob,LG_1p6mps,0.0665785795,0.9607349012,0.1442056991,0.8157945424,0.0776271196,-0.1449403588,True,True
AB04_Changseob::LG_1p6mps,ankle_angle_r,ankle,AB04_Changseob,LG_1p6mps,0.0949003296,0.976251984,0.1789965294,0.9155147074000001,0.0840961998,-0.060737276599999945,True,True
AB04_Changseob::LG_1p6mps,hip_flexion_l,hip,AB04_Changseob,LG_1p6mps,0.17392431460000002,0.8992402150000001,0.2084281759,0.8552963498,0.034503861299999994,-0.04394386520000004,True,True
AB04_Changseob::LG_1p6mps,knee_angle_l,knee,AB04_Changseob,LG_1p6mps,0.0667892097,0.9495847594000001,0.1062830824,0.8723333337,0.0394938727,-0.0772514257000001,True,True
AB04_Changseob::LG_1p6mps,ankle_angle_l,ankle,AB04_Changseob,LG_1p6mps,0.1104156211,0.9665489179000001,0.1796750885,0.9114222047,0.0692594674,-0.055126713200000066,True,True
AB05_Maria::RA_0p8mps,hip_flexion_r,hip,AB05_Maria,RA_0p8mps,0.2557853487,0.40943728430000004,0.13845802670000001,0.826958221,-0.11732732200000001,0.4175209367,False,False
AB05_Maria::RA_0p8mps,knee_angle_r,knee,AB05_Maria,RA_0p8mps,0.11650877820000001,0.8625675681,0.1283907619,0.8331064748,0.011881983700000001,-0.02946109330000002,True,True
AB05_Maria::RA_0p8mps,ankle_angle_r,ankle,AB05_Maria,RA_0p8mps,0.13781042670000002,0.9259403052,0.18690395880000002,0.8637756439000001,0.049093532100000004,-0.06216466129999998,True,True
AB05_Maria::RA_0p8mps,hip_flexion_l,hip,AB05_Maria,RA_0p8mps,0.2036866512,0.6240917386,0.1287193557,0.8498779630000001,-0.0749672955,0.22578622440000007,False,False
AB05_Maria::RA_0p8mps,knee_angle_l,knee,AB05_Maria,RA_0p8mps,0.12190547800000001,0.8316368795,0.1062945093,0.8719963993000001,-0.015610968700000005,0.04035951980000008,False,False
AB05_Maria::RA_0p8mps,ankle_angle_l,ankle,AB05_Maria,RA_0p8mps,0.2537675205,0.7647765667,0.1540077749,0.9133649153000001,-0.0997597456,0.14858834860000003,False,False
AB05_Maria::RD_0p8mps,hip_flexion_r,hip,AB05_Maria,RD_0p8mps,0.1626054351,0.4923557525,0.21032641,0.1506690074,0.04772097489999999,-0.3416867451,True,True
AB05_Maria::RD_0p8mps,knee_angle_r,knee,AB05_Maria,RD_0p8mps,0.09174201850000001,0.8875195327000001,0.1507407544,0.6963299938,0.0589987359,-0.1911895389,True,True
AB05_Maria::RD_0p8mps,ankle_angle_r,ankle,AB05_Maria,RD_0p8mps,0.163188215,0.887260076,0.2147659341,0.80473206,0.0515777191,-0.08252801600000004,True,True
AB05_Maria::RD_0p8mps,hip_flexion_l,hip,AB05_Maria,RD_0p8mps,0.1832507269,0.3740097785,0.22430999470000001,0.0620636072,0.04105926780000002,-0.3119461713,True,True
AB05_Maria::RD_0p8mps,knee_angle_l,knee,AB05_Maria,RD_0p8mps,0.1104215898,0.8563840931000001,0.1473864179,0.7441358254,0.03696482810000001,-0.11224826770000007,True,True
AB05_Maria::RD_0p8mps,ankle_angle_l,ankle,AB05_Maria,RD_0p8mps,0.1275523782,0.9337072925000001,0.2374747723,0.7702139835,0.10992239409999999,-0.16349330900000003,True,True
AB05_Maria::LG_1p2mps,hip_flexion_r,hip,AB05_Maria,LG_1p2mps,0.16685719440000002,0.7375697172,0.0977618222,0.9099128910000001,-0.06909537220000002,0.17234317380000008,False,False
AB05_Maria::LG_1p2mps,knee_angle_r,knee,AB05_Maria,LG_1p2mps,0.1480103852,0.6933073187000001,0.1342542948,0.7476662105,-0.013756090400000004,0.054358891799999975,False,False
AB05_Maria::LG_1p2mps,ankle_angle_r,ankle,AB05_Maria,LG_1p2mps,0.0846171173,0.9807602521000001,0.1659119815,0.9260329282,0.0812948642,-0.05472732390000001,True,True
AB05_Maria::LG_1p2mps,hip_flexion_l,hip,AB05_Maria,LG_1p2mps,0.1477858032,0.8064677932000001,0.11392608480000001,0.8849903819,-0.0338597184,0.07852258869999995,False,False
AB05_Maria::LG_1p2mps,knee_angle_l,knee,AB05_Maria,LG_1p2mps,0.0974641868,0.7891960558000001,0.08755460970000001,0.8298834220000001,-0.009909577099999997,0.04068736620000002,False,False
AB05_Maria::LG_1p2mps,ankle_angle_l,ankle,AB05_Maria,LG_1p2mps,0.11929736090000001,0.9548827569,0.2083227491,0.8624203256,0.0890253882,-0.09246243129999998,True,True
AB05_Maria::LG_1p6mps,hip_flexion_r,hip,AB05_Maria,LG_1p6mps,0.15932426460000002,0.8777144613000001,0.08103672,0.9683644809,-0.07828754460000001,0.09065001959999996,False,False
AB05_Maria::LG_1p6mps,knee_angle_r,knee,AB05_Maria,LG_1p6mps,0.1585955601,0.7812847985,0.1393174257,0.8312251227,-0.019278134400000008,0.04994032420000005,False,False
AB05_Maria::LG_1p6mps,ankle_angle_r,ankle,AB05_Maria,LG_1p6mps,0.0992157813,0.9756768011,0.16703902880000002,0.9310562201,0.06782324750000002,-0.04462058099999999,True,True
AB05_Maria::LG_1p6mps,hip_flexion_l,hip,AB05_Maria,LG_1p6mps,0.1523456483,0.8974913699,0.1165384661,0.9400155173,-0.035807182199999996,0.04252414739999999,False,False
AB05_Maria::LG_1p6mps,knee_angle_l,knee,AB05_Maria,LG_1p6mps,0.10094064,0.8931975379,0.1188469105,0.8519443623,0.0179062705,-0.04125317559999997,True,True
AB05_Maria::LG_1p6mps,ankle_angle_l,ankle,AB05_Maria,LG_1p6mps,0.11866129600000001,0.9626221723,0.22136123400000002,0.8699234475000001,0.102699938,-0.09269872479999997,True,True
AB06_Jimin::LG_0p8mps,hip_flexion_r,hip,AB06_Jimin,LG_0p8mps,0.1001517543,0.8254260739,0.1804802405,0.43308026,0.0803284862,-0.3923458139,True,True
AB06_Jimin::LG_0p8mps,knee_angle_r,knee,AB06_Jimin,LG_0p8mps,0.13886948270000002,0.3957877389,0.1420532145,0.36776573430000004,0.003183731799999978,-0.028022004599999983,True,True
AB06_Jimin::LG_0p8mps,ankle_angle_r,ankle,AB06_Jimin,LG_0p8mps,0.13743781100000002,0.8969888786,0.2051706955,0.7704367749000001,0.06773288449999998,-0.12655210369999992,True,True
AB06_Jimin::LG_0p8mps,hip_flexion_l,hip,AB06_Jimin,LG_0p8mps,0.1114705206,0.7787212615,0.1808858845,0.4173215132,0.06941536390000001,-0.3613997483,True,True
AB06_Jimin::LG_0p8mps,knee_angle_l,knee,AB06_Jimin,LG_0p8mps,0.0988195513,0.7109978171,0.1056195235,0.6698557215000001,0.006799972200000004,-0.04114209559999993,True,True
AB06_Jimin::LG_0p8mps,ankle_angle_l,ankle,AB06_Jimin,LG_0p8mps,0.16186512620000001,0.8447815964000001,0.2223158244,0.7071957436,0.060450698199999986,-0.13758585280000002,True,True
AB06_Jimin::RA_0p8mps,hip_flexion_r,hip,AB06_Jimin,RA_0p8mps,0.14355560720000002,0.8841335732000001,0.2901484219,0.5266768796,0.1465928147,-0.3574566936000001,True,True
AB06_Jimin::RA_0p8mps,knee_angle_r,knee,AB06_Jimin,RA_0p8mps,0.1839788251,0.5172080573,0.19981946080000001,0.4304919111,0.015840635700000022,-0.08671614619999995,True,True
AB06_Jimin::RA_0p8mps,ankle_angle_r,ankle,AB06_Jimin,RA_0p8mps,0.1706052303,0.8428795826000001,0.18914151780000002,0.8068824775000001,0.018536287500000026,-0.03599710509999998,True,True
AB06_Jimin::RA_0p8mps,hip_flexion_l,hip,AB06_Jimin,RA_0p8mps,0.1412841307,0.8816129859,0.27746798840000003,0.5433924685,0.13618385770000002,-0.33822051740000003,True,True
AB06_Jimin::RA_0p8mps,knee_angle_l,knee,AB06_Jimin,RA_0p8mps,0.16090660440000001,0.5649979529,0.1643186082,0.5463540313,0.0034120037999999797,-0.018643921599999946,True,True
AB06_Jimin::RA_0p8mps,ankle_angle_l,ankle,AB06_Jimin,RA_0p8mps,0.2129171902,0.7699629703,0.1620259393,0.8667873725,-0.05089125089999999,0.09682440219999999,False,False
AB06_Jimin::RD_0p8mps,hip_flexion_r,hip,AB06_Jimin,RD_0p8mps,0.0877199365,0.8306780485,0.15857806500000002,0.446646225,0.07085812850000002,-0.38403182350000004,True,True
AB06_Jimin::RD_0p8mps,knee_angle_r,knee,AB06_Jimin,RD_0p8mps,0.0902944956,0.9194439372000001,0.10834157850000001,0.8840245685,0.01804708290000001,-0.035419368700000065,True,True
AB06_Jimin::RD_0p8mps,ankle_angle_r,ankle,AB06_Jimin,RD_0p8mps,0.1252248386,0.9156095542,0.3208212006,0.44609097820000004,0.19559636200000002,-0.46951857599999997,True,True
AB06_Jimin::RD_0p8mps,hip_flexion_l,hip,AB06_Jimin,RD_0p8mps,0.0820954262,0.8315248616,0.1543433193,0.4045112375,0.0722478931,-0.42701362410000004,True,True
AB06_Jimin::RD_0p8mps,knee_angle_l,knee,AB06_Jimin,RD_0p8mps,0.0923737458,0.9251875287,0.1429415224,0.8208595349000001,0.05056777659999999,-0.10432799379999991,True,True
AB06_Jimin::RD_0p8mps,ankle_angle_l,ankle,AB06_Jimin,RD_0p8mps,0.14273781430000002,0.8852313059,0.3031487873,0.4823251979,0.16041097299999998,-0.402906108,True,True
AB06_Jimin::LG_1p2mps,hip_flexion_r,hip,AB06_Jimin,LG_1p2mps,0.1283969564,0.8903634381000001,0.1238442814,0.8980005418,-0.004552675000000006,0.007637103699999925,False,False
AB06_Jimin::LG_1p2mps,knee_angle_r,knee,AB06_Jimin,LG_1p2mps,0.186193931,0.5020742651,0.1165893063,0.804768016,-0.0696046247,0.30269375090000006,False,False
AB06_Jimin::LG_1p2mps,ankle_angle_r,ankle,AB06_Jimin,LG_1p2mps,0.1278957715,0.9332533323000001,0.1316711492,0.9292545572,0.003775377699999999,-0.003998775100000018,True,True
AB06_Jimin::LG_1p2mps,hip_flexion_l,hip,AB06_Jimin,LG_1p2mps,0.1106957413,0.9209733994,0.1258518689,0.8978517778,0.0151561276,-0.023121621599999975,True,True
AB06_Jimin::LG_1p2mps,knee_angle_l,knee,AB06_Jimin,LG_1p2mps,0.10679929290000001,0.8467988845000001,0.11076041800000001,0.8352238525000001,0.003961125100000004,-0.011575031999999985,True,True
AB06_Jimin::LG_1p2mps,ankle_angle_l,ankle,AB06_Jimin,LG_1p2mps,0.10463311410000001,0.9512790123,0.1715957819,0.8689638883,0.06696266779999999,-0.08231512399999996,True,True
AB06_Jimin::LG_1p6mps,hip_flexion_r,hip,AB06_Jimin,LG_1p6mps,0.138648893,0.9388881579,0.1458705191,0.9323562589000001,0.007221626100000017,-0.006531898999999952,True,True
AB06_Jimin::LG_1p6mps,knee_angle_r,knee,AB06_Jimin,LG_1p6mps,0.163130789,0.7900522866,0.13128817410000002,0.8640151608000001,-0.03184261489999998,0.07396287420000003,False,False
AB06_Jimin::LG_1p6mps,ankle_angle_r,ankle,AB06_Jimin,LG_1p6mps,0.0964754902,0.9687746672,0.21792027960000002,0.8406807024,0.12144478940000002,-0.12809396480000002,True,True
AB06_Jimin::LG_1p6mps,hip_flexion_l,hip,AB06_Jimin,LG_1p6mps,0.1471750595,0.9345075146,0.170674193,0.9119237636,0.02349913349999999,-0.022583750999999985,True,True
AB06_Jimin::LG_1p6mps,knee_angle_l,knee,AB06_Jimin,LG_1p6mps,0.1457542488,0.8465022959,0.14505961950000001,0.8479618750000001,-0.0006946292999999992,0.0014595791000000524,False,False
AB06_Jimin::LG_1p6mps,ankle_angle_l,ankle,AB06_Jimin,LG_1p6mps,0.10268685570000001,0.9665569955000001,0.1768618679,0.9007926179,0.07417501219999999,-0.06576437760000009,True,True
AB07_Amy::LG_0p8mps,hip_flexion_r,hip,AB07_Amy,LG_0p8mps,0.1412189895,0.7009550844,0.1776228201,0.5269056671,0.03640383059999999,-0.1740494173,True,True
AB07_Amy::LG_0p8mps,knee_angle_r,knee,AB07_Amy,LG_0p8mps,0.1039196631,0.4817847496,0.10657562050000001,0.4549573736,0.002655957400000006,-0.026827376000000014,True,True
AB07_Amy::LG_0p8mps,ankle_angle_r,ankle,AB07_Amy,LG_0p8mps,0.1189233943,0.9347726470000001,0.2117205335,0.7932616140000001,0.0927971392,-0.141511033,True,True
AB07_Amy::LG_0p8mps,hip_flexion_l,hip,AB07_Amy,LG_0p8mps,0.1458383011,0.7051397851,0.1896750245,0.5012380866,0.0438367234,-0.20390169849999995,True,True
AB07_Amy::LG_0p8mps,knee_angle_l,knee,AB07_Amy,LG_0p8mps,0.0716454725,0.6128640223,0.0733833584,0.5938549195,0.0017378858999999997,-0.01900910280000001,True,True
AB07_Amy::LG_0p8mps,ankle_angle_l,ankle,AB07_Amy,LG_0p8mps,0.10113749870000001,0.9399560004,0.1497963301,0.8682812673,0.048658831400000005,-0.07167473310000005,True,True
AB07_Amy::RA_0p8mps,hip_flexion_r,hip,AB07_Amy,RA_0p8mps,0.175132318,0.8174076008000001,0.2492827071,0.6300573461,0.07415038909999999,-0.1873502547000001,True,True
AB07_Amy::RA_0p8mps,knee_angle_r,knee,AB07_Amy,RA_0p8mps,0.11140689890000001,0.7844287338,0.1684508686,0.5071517589,0.05704396969999999,-0.27727697490000003,True,True
AB07_Amy::RA_0p8mps,ankle_angle_r,ankle,AB07_Amy,RA_0p8mps,0.18369424210000002,0.8798715457,0.175790927,0.8899860610000001,-0.007903315100000002,0.010114515300000071,False,False
AB07_Amy::RA_0p8mps,hip_flexion_l,hip,AB07_Amy,RA_0p8mps,0.1671146933,0.8323590233,0.2342765572,0.6705355375000001,0.06716186390000001,-0.16182348579999994,True,True
AB07_Amy::RA_0p8mps,knee_angle_l,knee,AB07_Amy,RA_0p8mps,0.1070077536,0.8109744919,0.1267760768,0.7346833308,0.019768323199999993,-0.0762911611,True,True
AB07_Amy::RA_0p8mps,ankle_angle_l,ankle,AB07_Amy,RA_0p8mps,0.1776244471,0.8621161274,0.1686815379,0.8756507706000001,-0.008942909199999988,0.013534643200000085,False,False
AB07_Amy::RD_0p8mps,hip_flexion_r,hip,AB07_Amy,RD_0p8mps,0.1234934699,0.7103565940000001,0.1927328448,0.2945160753,0.0692393749,-0.41584051870000005,True,True
AB07_Amy::RD_0p8mps,knee_angle_r,knee,AB07_Amy,RD_0p8mps,0.09624907120000001,0.8595797431000001,0.1604251751,0.6098948242000001,0.0641761039,-0.2496849189,True,True
AB07_Amy::RD_0p8mps,ankle_angle_r,ankle,AB07_Amy,RD_0p8mps,0.12337173280000001,0.9242087847,0.2091617946,0.7821526605,0.0857900618,-0.14205612420000002,True,True
AB07_Amy::RD_0p8mps,hip_flexion_l,hip,AB07_Amy,RD_0p8mps,0.1116810039,0.7580282189,0.1952931074,0.260088233,0.08361210349999999,-0.49793998590000005,True,True
AB07_Amy::RD_0p8mps,knee_angle_l,knee,AB07_Amy,RD_0p8mps,0.1697558765,0.6938904585,0.12965778760000002,0.8214234428,-0.040098088899999995,0.12753298430000004,False,False
AB07_Amy::RD_0p8mps,ankle_angle_l,ankle,AB07_Amy,RD_0p8mps,0.16011890750000002,0.8390936061000001,0.1465654989,0.8651808557,-0.013553408600000011,0.026087249599999973,False,False
AB07_Amy::LG_1p2mps,hip_flexion_r,hip,AB07_Amy,LG_1p2mps,0.14982938610000002,0.8367452311,0.12580362250000002,0.8849045461,-0.0240257636,0.048159315000000036,False,False
AB07_Amy::LG_1p2mps,knee_angle_r,knee,AB07_Amy,LG_1p2mps,0.1260027283,0.6716310518,0.12259031050000001,0.689176051,-0.0034124177999999977,0.017544999199999967,False,False
AB07_Amy::LG_1p2mps,ankle_angle_r,ankle,AB07_Amy,LG_1p2mps,0.1403263627,0.9408179236,0.1925138389,0.8886127273000001,0.0521874762,-0.05220519629999998,True,True
AB07_Amy::LG_1p2mps,hip_flexion_l,hip,AB07_Amy,LG_1p2mps,0.132892024,0.8834657327000001,0.1358286777,0.8782584676,0.0029366537000000137,-0.005207265100000025,True,True
AB07_Amy::LG_1p2mps,knee_angle_l,knee,AB07_Amy,LG_1p2mps,0.0865161584,0.8111363176,0.0759954937,0.854276471,-0.010520664700000001,0.04314015339999999,False,False
AB07_Amy::LG_1p2mps,ankle_angle_l,ankle,AB07_Amy,LG_1p2mps,0.1337075238,0.9353123538,0.1583626158,0.9092566119000001,0.02465509199999999,-0.02605574189999993,True,True
AB07_Amy::LG_1p6mps,hip_flexion_r,hip,AB07_Amy,LG_1p6mps,0.1702185374,0.9049958336,0.1589852934,0.9171213158,-0.011233244000000003,0.012125482199999982,False,False
AB07_Amy::LG_1p6mps,knee_angle_r,knee,AB07_Amy,LG_1p6mps,0.10768032200000001,0.8646051937,0.1335552743,0.7917181621,0.02587495229999999,-0.07288703159999999,True,True
AB07_Amy::LG_1p6mps,ankle_angle_r,ankle,AB07_Amy,LG_1p6mps,0.1385707294,0.9479474559000001,0.4469442876,0.4584909284,0.3083735582,-0.48945652750000007,True,True
AB07_Amy::LG_1p6mps,hip_flexion_l,hip,AB07_Amy,LG_1p6mps,0.1833110281,0.9063390292,0.1856205519,0.903964105,0.0023095238000000184,-0.0023749241999999615,True,True
AB07_Amy::LG_1p6mps,knee_angle_l,knee,AB07_Amy,LG_1p6mps,0.0835534717,0.9121022699,0.0976140814,0.8800297391,0.01406060969999999,-0.03207253079999994,True,True
AB07_Amy::LG_1p6mps,ankle_angle_l,ankle,AB07_Amy,LG_1p6mps,0.1360962506,0.9455405165,0.2791021103,0.7709620557,0.1430058597,-0.17457846080000006,True,True
AB08_Seokhyun::LG_0p8mps,hip_flexion_r,hip,AB08_Seokhyun,LG_0p8mps,0.08427442560000001,0.8537711962000001,0.1139283746,0.7327577451,0.029653949,-0.12101345110000006,True,True
AB08_Seokhyun::LG_0p8mps,knee_angle_r,knee,AB08_Seokhyun,LG_0p8mps,0.0703375073,0.6513148310000001,0.0791404394,0.5585754898,0.008802932099999994,-0.09273934120000005,True,True
AB08_Seokhyun::LG_0p8mps,ankle_angle_r,ankle,AB08_Seokhyun,LG_0p8mps,0.1675712865,0.9144716615,0.2000269667,0.8781324934,0.0324556802,-0.03633916810000004,True,True
AB08_Seokhyun::LG_0p8mps,hip_flexion_l,hip,AB08_Seokhyun,LG_0p8mps,0.0899445059,0.8561462661,0.14085553110000001,0.6472072355,0.050911025200000015,-0.20893903059999996,True,True
AB08_Seokhyun::LG_0p8mps,knee_angle_l,knee,AB08_Seokhyun,LG_0p8mps,0.06959280670000001,0.7823127679,0.1107710762,0.44848541210000004,0.04117826949999999,-0.3338273558,True,True
AB08_Seokhyun::LG_0p8mps,ankle_angle_l,ankle,AB08_Seokhyun,LG_0p8mps,0.15290502790000002,0.9236921134,0.1817613371,0.8921726552,0.028856309199999985,-0.03151945820000002,True,True
AB08_Seokhyun::RA_0p8mps,hip_flexion_r,hip,AB08_Seokhyun,RA_0p8mps,0.2534323724,0.3462915348,0.2016413772,0.5861726014,-0.051790995199999995,0.23988106660000003,False,False
AB08_Seokhyun::RA_0p8mps,knee_angle_r,knee,AB08_Seokhyun,RA_0p8mps,0.1426879663,0.5572025556,0.200922442,0.12201457800000001,0.05823447570000001,-0.43518797759999994,True,True
AB08_Seokhyun::RA_0p8mps,ankle_angle_r,ankle,AB08_Seokhyun,RA_0p8mps,0.27565268260000003,0.7703024493,0.36371145930000004,0.6001050807,0.08805877670000001,-0.1701973686,True,True
AB08_Seokhyun::RA_0p8mps,hip_flexion_l,hip,AB08_Seokhyun,RA_0p8mps,0.2603092194,0.3735498812,0.2362629585,0.48394181300000005,-0.024046260900000005,0.11039193180000006,False,False
AB08_Seokhyun::RA_0p8mps,knee_angle_l,knee,AB08_Seokhyun,RA_0p8mps,0.1089767263,0.6723956671,0.1451427569,0.4188705855,0.036166030599999996,-0.2535250816,True,True
AB08_Seokhyun::RA_0p8mps,ankle_angle_l,ankle,AB08_Seokhyun,RA_0p8mps,0.23077182710000002,0.8159598958000001,0.29027655900000005,0.7088137751,0.059504731900000024,-0.10714612070000007,True,True
AB08_Seokhyun::RD_0p8mps,hip_flexion_r,hip,AB08_Seokhyun,RD_0p8mps,0.1371958604,0.7614333401000001,0.2103256748,0.4393235478,0.07312981439999999,-0.3221097923000001,True,True
AB08_Seokhyun::RD_0p8mps,knee_angle_r,knee,AB08_Seokhyun,RD_0p8mps,0.1177810463,0.8606142131000001,0.1639118738,0.7300467842,0.0461308275,-0.13056742890000006,True,True
AB08_Seokhyun::RD_0p8mps,ankle_angle_r,ankle,AB08_Seokhyun,RD_0p8mps,0.1847536157,0.8829677701,0.3808672946,0.5026444723,0.1961136789,-0.38032329780000007,True,True
AB08_Seokhyun::RD_0p8mps,hip_flexion_l,hip,AB08_Seokhyun,RD_0p8mps,0.1376448805,0.7705034802,0.2307601997,0.3549731541,0.09311531919999999,-0.4155303261,True,True
AB08_Seokhyun::RD_0p8mps,knee_angle_l,knee,AB08_Seokhyun,RD_0p8mps,0.11154008750000001,0.8114856393000001,0.2056970531,0.3588810441,0.09415696559999999,-0.45260459520000007,True,True
AB08_Seokhyun::RD_0p8mps,ankle_angle_l,ankle,AB08_Seokhyun,RD_0p8mps,0.1340822248,0.9335267689000001,0.3251937056,0.6089893056,0.19111148079999998,-0.3245374633000001,True,True
AB08_Seokhyun::LG_1p2mps,hip_flexion_r,hip,AB08_Seokhyun,LG_1p2mps,0.1127996098,0.8924802702,0.18699282790000002,0.7045235524,0.07419321810000001,-0.1879567178,True,True
AB08_Seokhyun::LG_1p2mps,knee_angle_r,knee,AB08_Seokhyun,LG_1p2mps,0.0704399797,0.8087904141000001,0.11251936750000001,0.5121056592000001,0.04207938780000001,-0.2966847549,True,True
AB08_Seokhyun::LG_1p2mps,ankle_angle_r,ankle,AB08_Seokhyun,LG_1p2mps,0.19320514290000002,0.9075416984,0.22337796170000002,0.876408332,0.0301728188,-0.031133366399999973,True,True
AB08_Seokhyun::LG_1p2mps,hip_flexion_l,hip,AB08_Seokhyun,LG_1p2mps,0.1165220718,0.8921218581,0.23121911950000001,0.5752195236000001,0.11469704770000001,-0.31690233449999994,True,True
AB08_Seokhyun::LG_1p2mps,knee_angle_l,knee,AB08_Seokhyun,LG_1p2mps,0.09094959970000001,0.7045678982,0.0906122567,0.7067554205000001,-0.00033734300000000383,0.0021875223000000776,False,False
AB08_Seokhyun::LG_1p2mps,ankle_angle_l,ankle,AB08_Seokhyun,LG_1p2mps,0.1413051808,0.9431855385000001,0.1801417974,0.9076638615,0.038836616599999985,-0.035521677000000085,True,True
AB08_Seokhyun::LG_1p6mps,hip_flexion_r,hip,AB08_Seokhyun,LG_1p6mps,0.1267840761,0.9228867315,0.15318877020000002,0.8874219944,0.026404694100000015,-0.03546473709999998,True,True
AB08_Seokhyun::LG_1p6mps,knee_angle_r,knee,AB08_Seokhyun,LG_1p6mps,0.0846265086,0.9031732865000001,0.1281856329,0.7778424653,0.043559124300000016,-0.12533082120000005,True,True
AB08_Seokhyun::LG_1p6mps,ankle_angle_r,ankle,AB08_Seokhyun,LG_1p6mps,0.20830543270000001,0.9130442628000001,0.3276571005,0.7848525437,0.1193516678,-0.12819171910000005,True,True
AB08_Seokhyun::LG_1p6mps,hip_flexion_l,hip,AB08_Seokhyun,LG_1p6mps,0.1356822121,0.9203949024,0.1941662022,0.8369794625,0.058483990099999994,-0.0834154399,True,True
AB08_Seokhyun::LG_1p6mps,knee_angle_l,knee,AB08_Seokhyun,LG_1p6mps,0.11303787530000001,0.7854421689000001,0.1077842635,0.8049225297,-0.005253611800000002,0.01948036079999993,False,False
AB08_Seokhyun::LG_1p6mps,ankle_angle_l,ankle,AB08_Seokhyun,LG_1p6mps,0.1919448223,0.9111534305000001,0.2556947298,0.8423364089,0.06374990750000001,-0.06881702160000003,True,True
