trial,trial_key,subject,task,condition,rmse_nmpkg,r2_nmpkg,offset_s,sync_method,platform,channel,source,lag_samples,xcorr_score,n_samples,speed_mps,rmse_vicon_oracle_nmpkg,r2_vicon_oracle_nmpkg,model_in_ang_rmse_deg,model_in_vel_rmse_deg_s,rmse_enc_vs_vicon_nmpkg,encoder_replay_excluded,encoder_correction_note,encoder_xcorr_lag_samples,encoder_offset_deg,encoder_peak_trough_applied,encoder_peak_trough_lag_med,encoder_angle_key
ab01_jinwoo_hip_0p8mps_lg_exo_on,AB01_Jinwoo::LG_0p8mps,AB01_Jinwoo,LG,LG_0p8mps,0.0789929019661031,0.8527097916917608,-0.2330531560000808,gpio_falling_edge,hip_exo_assisted,hip_flexion_r,assisted,,,,,,,,,,,,,,,,
ab01_jinwoo_hip_0p8mps_ra_exo_on,AB01_Jinwoo::RA_0p8mps,AB01_Jinwoo,RA,RA_0p8mps,0.1347683054316661,0.8237989208829727,-0.2360404650000291,gpio_falling_edge,hip_exo_assisted,hip_flexion_r,assisted,,,,,,,,,,,,,,,,
ab01_jinwoo_hip_1p2mps_lg_exo_on,AB01_Jinwoo::LG_1p2mps,AB01_Jinwoo,LG,LG_1p2mps,0.1551034540179758,0.7032035979396652,-0.2350654639999765,gpio_falling_edge,hip_exo_assisted,hip_flexion_r,assisted,,,,,,,,,,,,,,,,
ab01_jinwoo_hip_1p6mps_lg_exo_on,AB01_Jinwoo::LG_1p6mps,AB01_Jinwoo,LG,LG_1p6mps,0.2367728589573059,0.7181169520628228,-0.2390561270000388,gpio_falling_edge,hip_exo_assisted,hip_flexion_r,assisted,,,,,,,,,,,,,,,,
ab02_oscar_hip_0p8mps_lg_exo_on,AB02_Oscar::LG_0p8mps,AB02_Oscar,LG,LG_0p8mps,0.1562371584775771,0.6144237159471433,-0.2300384020000092,gpio_falling_edge,hip_exo_assisted,hip_flexion_r,assisted,,,,,,,,,,,,,,,,
ab02_oscar_hip_0p8mps_ra_exo_on,AB02_Oscar::RA_0p8mps,AB02_Oscar,RA,RA_0p8mps,0.1890130187991436,0.7987924934372992,-0.2360498710000238,gpio_falling_edge,hip_exo_assisted,hip_flexion_r,assisted,,,,,,,,,,,,,,,,
ab02_oscar_hip_1p2mps_lg_exo_on,AB02_Oscar::LG_1p2mps,AB02_Oscar,LG,LG_1p2mps,0.1959333269714258,0.7249620873373472,-0.2320591249999866,gpio_falling_edge,hip_exo_assisted,hip_flexion_r,assisted,,,,,,,,,,,,,,,,
ab02_oscar_hip_1p6mps_lg_exo_on,AB02_Oscar::LG_1p6mps,AB02_Oscar,LG,LG_1p6mps,0.2037430122687006,0.8204413651276348,-0.2320625019999802,gpio_falling_edge,hip_exo_assisted,hip_flexion_r,assisted,,,,,,,,,,,,,,,,
ab03_ilseung_hip_0p8mps_lg_exo_on,AB03_Ilseung::LG_0p8mps,AB03_Ilseung,LG,LG_0p8mps,0.0792559881826512,0.8582938012149423,-0.2210601969999706,gpio_falling_edge,hip_exo_assisted,hip_flexion_r,assisted,,,,,,,,,,,,,,,,
ab03_ilseung_hip_0p8mps_ra_exo_on,AB03_Ilseung::RA_0p8mps,AB03_Ilseung,RA,RA_0p8mps,0.1783334277286362,0.8220528646842999,-0.2330492289999919,gpio_falling_edge,hip_exo_assisted,hip_flexion_r,assisted,,,,,,,,,,,,,,,,
ab03_ilseung_hip_1p2mps_lg_exo_on,AB03_Ilseung::LG_1p2mps,AB03_Ilseung,LG,LG_1p2mps,0.1151930785680631,0.8862479878422258,-0.2340412730000016,gpio_falling_edge,hip_exo_assisted,hip_flexion_r,assisted,,,,,,,,,,,,,,,,
ab03_ilseung_hip_1p6mps_lg_exo_on,AB03_Ilseung::LG_1p6mps,AB03_Ilseung,LG,LG_1p6mps,0.1719648459383965,0.8532163177700149,-0.1970541840000006,gpio_falling_edge,hip_exo_assisted,hip_flexion_r,assisted,,,,,,,,,,,,,,,,
ab04_changseob_hip_0p8mps_lg_exo_on,AB04_Changseob::LG_0p8mps,AB04_Changseob,LG,LG_0p8mps,0.1114235554446264,0.8095280285108463,-0.2310395649999881,gpio_falling_edge,hip_exo_assisted,hip_flexion_r,assisted,,,,,,,,,,,,,,,,
ab04_changseob_hip_0p8mps_ra_exo_on,AB04_Changseob::RA_0p8mps,AB04_Changseob,RA,RA_0p8mps,0.1408111982850463,0.9057378254027794,-0.1370676320001185,gpio_falling_edge,hip_exo_assisted,hip_flexion_r,assisted,,,,,,,,,,,,,,,,
ab04_changseob_hip_1p2mps_lg_exo_on,AB04_Changseob::LG_1p2mps,AB04_Changseob,LG,LG_1p2mps,0.1394553732049889,0.8653178072030059,-0.2300377510000817,gpio_falling_edge,hip_exo_assisted,hip_flexion_r,assisted,,,,,,,,,,,,,,,,
ab04_changseob_hip_1p6mps_lg_exo_on,AB04_Changseob::LG_1p6mps,AB04_Changseob,LG,LG_1p6mps,0.2436478897335525,0.7770624025181562,-0.2320644549999606,gpio_falling_edge,hip_exo_assisted,hip_flexion_r,assisted,,,,,,,,,,,,,,,,
ab05_maria_hip_0p8mps_lg_exo_on,AB05_Maria::LG_0p8mps,AB05_Maria,LG,LG_0p8mps,0.2014405365771312,0.5153337735071821,-0.2290603019999879,gpio_falling_edge,hip_exo_assisted,hip_flexion_r,assisted,,,,,,,,,,,,,,,,
ab05_maria_hip_0p8mps_ra_exo_on,AB05_Maria::RA_0p8mps,AB05_Maria,RA,RA_0p8mps,0.1325038388572895,0.8907588072261265,-0.12605654900001,gpio_falling_edge,hip_exo_assisted,hip_flexion_r,assisted,,,,,,,,,,,,,,,,
ab05_maria_hip_1p2mps_lg_exo_on,AB05_Maria::LG_1p2mps,AB05_Maria,LG,LG_1p2mps,0.1127752232572566,0.9085123407155288,-0.2360392619999047,gpio_falling_edge,hip_exo_assisted,hip_flexion_r,assisted,,,,,,,,,,,,,,,,
ab06_jimin_hip_0p8mps_lg_exo_on,AB06_Jimin::LG_0p8mps,AB06_Jimin,LG,LG_0p8mps,0.1396111071986529,0.759548394755936,-0.2380578849999692,gpio_falling_edge,hip_exo_assisted,hip_flexion_r,assisted,,,,,,,,,,,,,,,,
ab06_jimin_hip_0p8mps_ra_exo_on,AB06_Jimin::RA_0p8mps,AB06_Jimin,RA,RA_0p8mps,0.1401900278867678,0.9087128202064522,-0.2400589330000275,gpio_falling_edge,hip_exo_assisted,hip_flexion_r,assisted,,,,,,,,,,,,,,,,
ab06_jimin_hip_1p2mps_lg_exo_on,AB06_Jimin::LG_1p2mps,AB06_Jimin,LG,LG_1p2mps,0.1564865370667618,0.8586844772305318,-0.2270415169999222,gpio_falling_edge,hip_exo_assisted,hip_flexion_r,assisted,,,,,,,,,,,,,,,,
ab06_jimin_hip_1p6mps_lg_exo_on,AB06_Jimin::LG_1p6mps,AB06_Jimin,LG,LG_1p6mps,0.2456635050660595,0.8080684791041121,-0.235055273999851,gpio_falling_edge,hip_exo_assisted,hip_flexion_r,assisted,,,,,,,,,,,,,,,,
ab07_amy_hip_0p8mps_lg_exo_on,AB07_Amy::LG_0p8mps,AB07_Amy,LG,LG_0p8mps,0.1128216183912582,0.8505951554864826,-0.2160609780000013,gpio_falling_edge,hip_exo_assisted,hip_flexion_r,assisted,,,,,,,,,,,,,,,,
ab07_amy_hip_0p8mps_ra_exo_on,AB07_Amy::RA_0p8mps,AB07_Amy,RA,RA_0p8mps,0.1323191367328913,0.9029108270813868,-0.2320614149999365,gpio_falling_edge,hip_exo_assisted,hip_flexion_r,assisted,,,,,,,,,,,,,,,,
ab07_amy_hip_1p2mps_lg_exo_on,AB07_Amy::LG_1p2mps,AB07_Amy,LG,LG_1p2mps,0.2067695894055273,0.7744638651805298,-0.231058884999862,gpio_falling_edge,hip_exo_assisted,hip_flexion_r,assisted,,,,,,,,,,,,,,,,
ab07_amy_hip_1p6mps_lg_exo_on,AB07_Amy::LG_1p6mps,AB07_Amy,LG,LG_1p6mps,0.4193726179754754,0.5544848099472848,-0.2410315930001669,gpio_falling_edge,hip_exo_assisted,hip_flexion_r,assisted,,,,,,,,,,,,,,,,
ab08_seokhyun_hip_0p8mps_lg_exo_on,AB08_Seokhyun::LG_0p8mps,AB08_Seokhyun,LG,LG_0p8mps,0.114709857435963,0.8006959655601492,-0.2360647480001589,gpio_falling_edge,hip_exo_assisted,hip_flexion_r,assisted,,,,,,,,,,,,,,,,
ab08_seokhyun_hip_0p8mps_ra_exo_on,AB08_Seokhyun::RA_0p8mps,AB08_Seokhyun,RA,RA_0p8mps,0.2184360191722806,0.6588672426132383,-0.1930613689999591,gpio_falling_edge,hip_exo_assisted,hip_flexion_r,assisted,,,,,,,,,,,,,,,,
ab08_seokhyun_hip_1p2mps_lg_exo_on,AB08_Seokhyun::LG_1p2mps,AB08_Seokhyun,LG,LG_1p2mps,0.1747308064077656,0.7645761054589548,-0.2370478969998675,gpio_falling_edge,hip_exo_assisted,hip_flexion_r,assisted,,,,,,,,,,,,,,,,
ab08_seokhyun_hip_1p6mps_lg_exo_on,AB08_Seokhyun::LG_1p6mps,AB08_Seokhyun,LG,LG_1p6mps,0.2339774194217571,0.7541470842406693,-0.2350533220000306,gpio_falling_edge,hip_exo_assisted,hip_flexion_r,assisted,,,,,,,,,,,,,,,,
,AB01_Jinwoo::LG_0p8mps,AB01_Jinwoo,LG,LG_0p8mps,0.10963931232987059,0.6979908731517925,,,awinda_hip_only_exo_model,hip_flexion_r,unassisted,711.0,3.9461892168886132,6000.0,,,,,,,,,,,,,
,AB01_Jinwoo::RA_0p8mps,AB01_Jinwoo,RA,RA_0p8mps,0.19994771979200202,0.5577560216816904,,,awinda_hip_only_exo_model,hip_flexion_r,unassisted,873.0,3.9759717506613015,6000.0,,,,,,,,,,,,,
,AB01_Jinwoo::LG_1p2mps,AB01_Jinwoo,LG,LG_1p2mps,0.12664712829247918,0.8280915716041792,,,awinda_hip_only_exo_model,hip_flexion_r,unassisted,722.0,3.942881967254732,6000.0,,,,,,,,,,,,,
,AB01_Jinwoo::LG_1p6mps,AB01_Jinwoo,LG,LG_1p6mps,0.1679525095914369,0.8616042711555156,,,awinda_hip_only_exo_model,hip_flexion_r,unassisted,1300.0,3.93789361636524,6000.0,,,,,,,,,,,,,
,AB02_Oscar::LG_0p8mps,AB02_Oscar,LG,LG_0p8mps,0.1433332010050414,0.5312319908777913,,,awinda_hip_only_exo_model,hip_flexion_r,unassisted,386.0,3.94745276233715,6000.0,,,,,,,,,,,,,
,AB02_Oscar::RA_0p8mps,AB02_Oscar,RA,RA_0p8mps,0.19746684148101012,0.6732140025018788,,,awinda_hip_only_exo_model,hip_flexion_r,unassisted,297.0,3.9758547906909065,6000.0,,,,,,,,,,,,,
,AB02_Oscar::LG_1p2mps,AB02_Oscar,LG,LG_1p2mps,0.22432428679048155,0.537695708023187,,,awinda_hip_only_exo_model,hip_flexion_r,unassisted,360.0,3.951249237366265,6000.0,,,,,,,,,,,,,
,AB02_Oscar::LG_1p6mps,AB02_Oscar,LG,LG_1p6mps,0.20019205966826176,0.8011189612846381,,,awinda_hip_only_exo_model,hip_flexion_r,unassisted,223.0,3.9589117780927072,6000.0,,,,,,,,,,,,,
,AB03_Ilseung::LG_0p8mps,AB03_Ilseung,LG,LG_0p8mps,0.11117730884961338,0.602393323942011,,,awinda_hip_only_exo_model,hip_flexion_r,unassisted,233.0,3.9621470606120983,4849.0,,,,,,,,,,,,,
,AB03_Ilseung::RA_0p8mps,AB03_Ilseung,RA,RA_0p8mps,0.2326280244346041,0.5382531236845556,,,awinda_hip_only_exo_model,hip_flexion_r,unassisted,332.0,3.9813098206964885,5576.0,,,,,,,,,,,,,
,AB03_Ilseung::LG_1p2mps,AB03_Ilseung,LG,LG_1p2mps,0.1187056308960772,0.8385162957904838,,,awinda_hip_only_exo_model,hip_flexion_r,unassisted,270.0,3.956429259542969,6000.0,,,,,,,,,,,,,
,AB03_Ilseung::LG_1p6mps,AB03_Ilseung,LG,LG_1p6mps,0.16454854673944877,0.8464337216591377,,,awinda_hip_only_exo_model,hip_flexion_r,unassisted,229.0,3.9561128186699337,6000.0,,,,,,,,,,,,,
,AB04_Changseob::LG_0p8mps,AB04_Changseob,LG,LG_0p8mps,0.08834725958778113,0.8209582858511977,,,awinda_hip_only_exo_model,hip_flexion_r,unassisted,722.0,3.969480049506113,6000.0,,,,,,,,,,,,,
,AB04_Changseob::RA_0p8mps,AB04_Changseob,RA,RA_0p8mps,0.1657844802748364,0.8213421544622079,,,awinda_hip_only_exo_model,hip_flexion_r,unassisted,705.0,3.986868884446033,6000.0,,,,,,,,,,,,,
,AB04_Changseob::LG_1p2mps,AB04_Changseob,LG,LG_1p2mps,0.11802288864330814,0.8854400647120401,,,awinda_hip_only_exo_model,hip_flexion_r,unassisted,1624.0,3.9765493878559637,6000.0,,,,,,,,,,,,,
,AB04_Changseob::LG_1p6mps,AB04_Changseob,LG,LG_1p6mps,0.20765534556653503,0.8303221289124846,,,awinda_hip_only_exo_model,hip_flexion_r,unassisted,643.0,3.979409768158714,6000.0,,,,,,,,,,,,,
,AB05_Maria::LG_0p8mps,AB05_Maria,LG,LG_0p8mps,0.35127847525896744,0.005823084940679624,,,awinda_hip_only_exo_model,hip_flexion_r,unassisted,196.0,2.8492705587878224,6000.0,,,,,,,,,,,,,
,AB05_Maria::RA_0p8mps,AB05_Maria,RA,RA_0p8mps,0.23325282176114476,0.4989171881210378,,,awinda_hip_only_exo_model,hip_flexion_r,unassisted,257.0,3.97603765503628,6000.0,,,,,,,,,,,,,
,AB05_Maria::LG_1p2mps,AB05_Maria,LG,LG_1p2mps,0.14860612472125379,0.7926126275335488,,,awinda_hip_only_exo_model,hip_flexion_r,unassisted,221.0,3.947861724402572,6000.0,,,,,,,,,,,,,
,AB05_Maria::LG_1p6mps,AB05_Maria,LG,LG_1p6mps,0.15476011102794554,0.8859300892146705,,,awinda_hip_only_exo_model,hip_flexion_r,unassisted,179.0,3.949809433276984,6000.0,,,,,,,,,,,,,
,AB06_Jimin::LG_0p8mps,AB06_Jimin,LG,LG_0p8mps,0.13163839498926666,0.699558284166346,,,awinda_hip_only_exo_model,hip_flexion_r,unassisted,214.0,3.9494544080466296,6000.0,,,,,,,,,,,,,
,AB06_Jimin::RA_0p8mps,AB06_Jimin,RA,RA_0p8mps,0.18094346477371068,0.8136850095147468,,,awinda_hip_only_exo_model,hip_flexion_r,unassisted,854.0,3.9846059453549745,6000.0,,,,,,,,,,,,,
,AB06_Jimin::LG_1p2mps,AB06_Jimin,LG,LG_1p2mps,0.18080405086030027,0.7817725654126583,,,awinda_hip_only_exo_model,hip_flexion_r,unassisted,254.0,3.9666700200763634,6000.0,,,,,,,,,,,,,
,AB06_Jimin::LG_1p6mps,AB06_Jimin,LG,LG_1p6mps,0.23111210567207152,0.8297577418001797,,,awinda_hip_only_exo_model,hip_flexion_r,unassisted,290.0,3.9699766903109674,6000.0,,,,,,,,,,,,,
,AB07_Amy::LG_0p8mps,AB07_Amy,LG,LG_0p8mps,0.1746309267740657,0.5431773537681133,,,awinda_hip_only_exo_model,hip_flexion_r,unassisted,1178.0,3.9498044642642247,6000.0,,,,,,,,,,,,,
,AB07_Amy::RA_0p8mps,AB07_Amy,RA,RA_0p8mps,0.20669249315172586,0.7381293758087604,,,awinda_hip_only_exo_model,hip_flexion_r,unassisted,254.0,3.9778344142787327,6000.0,,,,,,,,,,,,,
,AB07_Amy::LG_1p2mps,AB07_Amy,LG,LG_1p2mps,0.17615847147916888,0.7759267744871892,,,awinda_hip_only_exo_model,hip_flexion_r,unassisted,217.0,3.9581421456394974,6000.0,,,,,,,,,,,,,
,AB07_Amy::LG_1p6mps,AB07_Amy,LG,LG_1p6mps,0.2452482274988298,0.8045393631166269,,,awinda_hip_only_exo_model,hip_flexion_r,unassisted,239.0,3.9665935414106634,6000.0,,,,,,,,,,,,,
,AB08_Seokhyun::LG_0p8mps,AB08_Seokhyun,LG,LG_0p8mps,0.10793145981987179,0.7616650000746854,,,awinda_hip_only_exo_model,hip_flexion_r,unassisted,214.0,3.960298051433046,6000.0,,,,,,,,,,,,,
,AB08_Seokhyun::RA_0p8mps,AB08_Seokhyun,RA,RA_0p8mps,0.16958060707078887,0.7053536445572799,,,awinda_hip_only_exo_model,hip_flexion_r,unassisted,631.0,3.9560814036967917,6000.0,,,,,,,,,,,,,
,AB08_Seokhyun::LG_1p2mps,AB08_Seokhyun,LG,LG_1p2mps,0.1560691829976821,0.7972705010859715,,,awinda_hip_only_exo_model,hip_flexion_r,unassisted,181.0,3.9630909270725967,6000.0,,,,,,,,,,,,,
,AB08_Seokhyun::LG_1p6mps,AB08_Seokhyun,LG,LG_1p6mps,0.1634869328698045,0.8728476461911298,,,awinda_hip_only_exo_model,hip_flexion_r,unassisted,172.0,3.9631147358071397,6000.0,,,,,,,,,,,,,
ab01_jinwoo_knee_0p8mps_ra_exo_on,AB01_Jinwoo::RA_0p8mps,AB01_Jinwoo,RA,RA_0p8mps,0.1343958220124169,0.8133487079811085,-0.0510342960000036,,knee_exo_assisted,knee_angle_r,assisted,,,,0.8,0.1133032248828146,0.8673387739098638,8.440352379748708,51.63151240882159,0.0680485538731083,False,no LPF; logged raw vel; GT ID xcorr shift +3 samples,3.0,0.0,False,,model_in_knee_angle_raw
ab01_jinwoo_knee_0p8mps_rd_exo_on,AB01_Jinwoo::RD_0p8mps,AB01_Jinwoo,RD,RD_0p8mps,0.228655192673777,0.6491158781190631,-0.1200686329999918,,knee_exo_assisted,knee_angle_r,assisted,,,,0.8,0.1534351162837318,0.8420021734712065,4.052182320623595,58.76591977334356,0.1251245783787736,False,no LPF; logged raw vel; GT ID xcorr shift +2 samples,2.0,0.0,False,,model_in_knee_angle_raw
ab02_oscar_knee_0p8mps_ra_exo_on,AB02_Oscar::RA_0p8mps,AB02_Oscar,RA,RA_0p8mps,0.2106573338163978,0.5607466619158934,-0.2094874659996857,,knee_exo_assisted,knee_angle_r,assisted,,,,0.8,0.1094672283726984,0.881387584968035,5.460279622174845,35.897402883782235,0.1692872915531251,False,no LPF; logged raw vel; GT ID xcorr shift +0 samples; peak/trough align lag_med=+3.0 pairs=80; GT↔vicon-pred xcorr lag +6 (r=0.943),0.0,0.0,True,3.0,model_in_knee_angle_raw
ab02_oscar_knee_0p8mps_rd_exo_on,AB02_Oscar::RD_0p8mps,AB02_Oscar,RD,RD_0p8mps,0.230899887364799,0.6398639065534503,-0.2330710799993611,,knee_exo_assisted,knee_angle_r,assisted,,,,0.8,0.1656661055037294,0.8146099024366338,7.130724536090676,44.53217436860327,0.1067653204793994,False,no LPF; logged raw vel; GT ID xcorr shift +0 samples; peak/trough align lag_med=+3.0 pairs=107; GT↔vicon-pred xcorr lag +4 (r=0.942),0.0,0.0,True,3.0,model_in_knee_angle_raw
ab03_ilseung_knee_0p8mps_ra_exo_on,AB03_Ilseung::RA_0p8mps,AB03_Ilseung,RA,RA_0p8mps,0.1778335210428336,0.7281593876016608,-0.1800571529999799,,knee_exo_assisted,knee_angle_r,assisted,,,,0.8,0.171193417212332,0.7480808356396242,9.07329610821808,42.43887040774848,0.0743649174179036,False,no LPF; logged raw vel; GT ID xcorr shift +3 samples,3.0,0.0,False,,model_in_knee_angle_raw
ab03_ilseung_knee_0p8mps_rd_exo_on,AB03_Ilseung::RD_0p8mps,AB03_Ilseung,RD,RD_0p8mps,0.2592545717411991,0.3477269847630442,-0.1960534950002475,,knee_exo_assisted,knee_angle_r,assisted,,,,0.8,0.160101489880549,0.7512475815968743,5.18470576725893,58.21568222116837,0.2179793533897544,False,no LPF; logged raw vel; GT ID xcorr shift +2 samples,2.0,0.0,False,,model_in_knee_angle_raw
ab04_changseob_knee_0p8mps_ra_exo_on,AB04_Changseob::RA_0p8mps,AB04_Changseob,RA,RA_0p8mps,0.1249489490863693,0.8147275335493859,-0.2130571039999953,,knee_exo_assisted,knee_angle_r,assisted,,,,0.8,0.1150772658630986,0.8428462540537952,8.429706217779923,37.95551013491751,0.0709905695756815,False,no LPF; logged raw vel; GT ID xcorr shift +3 samples,3.0,0.0,False,,model_in_knee_angle_raw
ab04_changseob_knee_0p8mps_rd_exo_on,AB04_Changseob::RD_0p8mps,AB04_Changseob,RD,RD_0p8mps,0.1831144901098224,0.7175781346684589,-0.2300380129999166,,knee_exo_assisted,knee_angle_r,assisted,,,,0.8,0.1616706537897733,0.7798517273053025,4.723350188731591,61.36890604296183,0.1309408356619066,False,no LPF; logged raw vel; GT ID xcorr shift +2 samples,2.0,0.0,False,,model_in_knee_angle_raw
ab05_maria_knee_0p8mps_ra_exo_on,AB05_Maria::RA_0p8mps,AB05_Maria,RA,RA_0p8mps,0.1837990979292612,0.7282366127124311,-0.2400670669999545,,knee_exo_assisted,knee_angle_r,assisted,,,,0.8,0.1430060150748398,0.8354822331280327,10.568246616772685,51.11425308482735,0.1005309646440866,False,no LPF; logged raw vel; GT ID xcorr shift +3 samples,3.0,0.0,False,,model_in_knee_angle_raw
ab05_maria_knee_0p8mps_rd_exo_on,AB05_Maria::RD_0p8mps,AB05_Maria,RD,RD_0p8mps,0.2287778858041361,0.3843118593825072,-0.2290735149999854,,knee_exo_assisted,knee_angle_r,assisted,,,,0.8,0.2483789246598506,0.2742915352028123,3.042412158808379,26.955232321053707,0.1046227908545091,False,no LPF; logged raw vel; GT ID xcorr shift +0 samples; peak/trough align lag_med=+3.0 pairs=98; GT↔vicon-pred xcorr lag +1 (r=0.897),0.0,0.0,True,3.0,model_in_knee_angle_raw
ab06_jimin_knee_0p8mps_ra_exo_on,AB06_Jimin::RA_0p8mps,AB06_Jimin,RA,RA_0p8mps,0.2065578379015321,0.5076325921195703,-0.2370341450000086,,knee_exo_assisted,knee_angle_r,assisted,,,,0.8,0.146811981853358,0.7512695578942784,15.764391781745598,44.79861919494136,0.1253983449548979,False,no LPF; logged raw vel; GT ID xcorr shift +3 samples,3.0,0.0,False,,model_in_knee_angle_raw
ab06_jimin_knee_0p8mps_rd_exo_on,AB06_Jimin::RD_0p8mps,AB06_Jimin,RD,RD_0p8mps,0.1694212340260915,0.7072332843450431,-0.2300519210000584,,knee_exo_assisted,knee_angle_r,assisted,,,,0.8,0.1092854558668241,0.878182198968996,11.34262993834158,74.48777190559383,0.1163995719378285,False,no LPF; logged raw vel; GT ID xcorr shift +3 samples,3.0,0.0,False,,model_in_knee_angle_raw
ab07_amy_knee_0p8mps_ra_exo_on,AB07_Amy::RA_0p8mps,AB07_Amy,RA,RA_0p8mps,0.1602775573075604,0.4404984601828275,-0.2300493679999999,,knee_exo_assisted,knee_angle_r,assisted,,,,0.8,0.1450377382955809,0.5418392366429077,7.68657666871533,48.71110645701136,0.1090044417587006,False,no LPF; logged raw vel; GT ID xcorr shift +4 samples,4.0,0.0,False,,model_in_knee_angle_raw
ab07_amy_knee_0p8mps_rd_exo_on,AB07_Amy::RD_0p8mps,AB07_Amy,RD,RD_0p8mps,0.1928916500041945,0.6213623149257173,-0.2340810600002296,,knee_exo_assisted,knee_angle_r,assisted,,,,0.8,0.1942215592444114,0.6161232114712127,8.650481038308488,60.935178927150936,0.1761680721736759,False,no LPF; logged raw vel; GT ID xcorr shift +3 samples,3.0,0.0,False,,model_in_knee_angle_raw
ab08_seokhyun_knee_0p8mps_ra_exo_on,AB08_Seokhyun::RA_0p8mps,AB08_Seokhyun,RA,RA_0p8mps,0.1461828448017446,0.6112495630524193,-0.1560405409998986,,knee_exo_assisted,knee_angle_r,assisted,,,,0.8,0.1379943418782725,0.6535818557759963,5.459718782254732,35.54405211886401,0.0594044853422635,False,no LPF; logged raw vel; GT ID xcorr shift +3 samples,3.0,0.0,False,,model_in_knee_angle_raw
ab08_seokhyun_knee_0p8mps_rd_exo_on,AB08_Seokhyun::RD_0p8mps,AB08_Seokhyun,RD,RD_0p8mps,0.2397788938969402,0.5724994673506449,-0.2330550400000519,,knee_exo_assisted,knee_angle_r,assisted,,,,0.8,0.1799672431373112,0.7591749367452758,7.54418206099153,67.38368991084539,0.1497901945978082,False,no LPF; logged raw vel; GT ID xcorr shift +4 samples,4.0,0.0,False,,model_in_knee_angle_raw
,AB01_Jinwoo::RA_0p8mps,AB01_Jinwoo,RA,RA_0p8mps,0.28258986070383535,-0.23500741704556516,,,awinda_knee_only_exo_model,knee_angle_r,unassisted,873.0,3.9759717506613015,6000.0,,,,,,,,,,,,,
,AB01_Jinwoo::RD_0p8mps,AB01_Jinwoo,RD,RD_0p8mps,0.27536817509854233,-0.0061136856980770204,,,awinda_knee_only_exo_model,knee_angle_r,unassisted,746.0,3.9183773658107195,6000.0,,,,,,,,,,,,,
,AB02_Oscar::RA_0p8mps,AB02_Oscar,RA,RA_0p8mps,0.37717582482778556,-0.2232797641017057,,,awinda_knee_only_exo_model,knee_angle_r,unassisted,297.0,3.9758547906909065,6000.0,,,,,,,,,,,,,
,AB02_Oscar::RD_0p8mps,AB02_Oscar,RD,RD_0p8mps,0.46966914950589694,-0.6503064733406867,,,awinda_knee_only_exo_model,knee_angle_r,unassisted,357.0,3.9342509859031773,6000.0,,,,,,,,,,,,,
,AB03_Ilseung::RA_0p8mps,AB03_Ilseung,RA,RA_0p8mps,0.2984497165603345,-0.026399680845751616,,,awinda_knee_only_exo_model,knee_angle_r,unassisted,332.0,3.9813098206964885,5576.0,,,,,,,,,,,,,
,AB03_Ilseung::RD_0p8mps,AB03_Ilseung,RD,RD_0p8mps,0.38603530160663024,-0.3203988360533212,,,awinda_knee_only_exo_model,knee_angle_r,unassisted,262.0,3.832458983776146,4748.0,,,,,,,,,,,,,
,AB04_Changseob::RA_0p8mps,AB04_Changseob,RA,RA_0p8mps,0.3478822405227684,-0.6224922540901214,,,awinda_knee_only_exo_model,knee_angle_r,unassisted,705.0,3.986868884446033,6000.0,,,,,,,,,,,,,
,AB04_Changseob::RD_0p8mps,AB04_Changseob,RD,RD_0p8mps,0.4523539771161205,-0.5603449021321343,,,awinda_knee_only_exo_model,knee_angle_r,unassisted,750.0,3.9245723457342314,6000.0,,,,,,,,,,,,,
,AB05_Maria::RA_0p8mps,AB05_Maria,RA,RA_0p8mps,0.3369060068514415,-0.12680969391047614,,,awinda_knee_only_exo_model,knee_angle_r,unassisted,257.0,3.97603765503628,6000.0,,,,,,,,,,,,,
,AB05_Maria::RD_0p8mps,AB05_Maria,RD,RD_0p8mps,0.3600731631521669,-0.8351735065815233,,,awinda_knee_only_exo_model,knee_angle_r,unassisted,198.0,3.9121914564105413,6000.0,,,,,,,,,,,,,
,AB06_Jimin::RA_0p8mps,AB06_Jimin,RA,RA_0p8mps,0.31246129104157333,-0.36535386020175764,,,awinda_knee_only_exo_model,knee_angle_r,unassisted,854.0,3.9846059453549745,6000.0,,,,,,,,,,,,,
,AB06_Jimin::RD_0p8mps,AB06_Jimin,RD,RD_0p8mps,0.44493797735632457,-1.045878891309985,,,awinda_knee_only_exo_model,knee_angle_r,unassisted,842.0,3.9328318664613606,6000.0,,,,,,,,,,,,,
,AB07_Amy::RA_0p8mps,AB07_Amy,RA,RA_0p8mps,0.30104653981659063,-0.5377678127941974,,,awinda_knee_only_exo_model,knee_angle_r,unassisted,254.0,3.9778344142787327,6000.0,,,,,,,,,,,,,
,AB07_Amy::RD_0p8mps,AB07_Amy,RD,RD_0p8mps,0.3267281416098311,-0.5961251397699197,,,awinda_knee_only_exo_model,knee_angle_r,unassisted,796.0,3.889000093984571,6000.0,,,,,,,,,,,,,
,AB08_Seokhyun::RA_0p8mps,AB08_Seokhyun,RA,RA_0p8mps,0.3090597033741556,-1.0983906585750098,,,awinda_knee_only_exo_model,knee_angle_r,unassisted,631.0,3.9560814036967917,6000.0,,,,,,,,,,,,,
,AB08_Seokhyun::RD_0p8mps,AB08_Seokhyun,RD,RD_0p8mps,0.35181718315687516,-0.19839578479442643,,,awinda_knee_only_exo_model,knee_angle_r,unassisted,183.0,3.956067985015209,6000.0,,,,,,,,,,,,,
