trial,subject,condition,channel,rmse_awinda_nmpkg,r2_awinda,rmse_vicon_nmpkg,r2_vicon,rmse_reduction_pct,r2_increase,corr_angle
AB01_Jinwoo::LG_0p8mps,AB01_Jinwoo,LG_0p8mps,hip_flexion_r,0.09036407645101263,0.8390844926168375,0.09215814376247818,0.8530393430635289,-1.9853766916304711,0.013954850446691425,0.9827577522448683
AB01_Jinwoo::LG_0p8mps,AB01_Jinwoo,LG_0p8mps,knee_angle_r,0.10544634697227585,0.7151911561814376,0.04879066581210709,0.8926344127954056,53.7293920433913,0.17744325661396798,0.9900477772243547
AB01_Jinwoo::LG_0p8mps,AB01_Jinwoo,LG_0p8mps,ankle_angle_r,0.2162328767009849,0.9245650277265013,0.1683496803255779,0.9340954018240177,22.14427200245859,0.009530374097516447,0.9035799973482889
AB01_Jinwoo::LG_0p8mps,AB01_Jinwoo,LG_0p8mps,hip_flexion_l,0.07512384310053179,0.9011408122000709,0.14056729428422565,0.8108031844335563,-87.11408852728222,-0.09033762776651466,0.9847384796574664
AB01_Jinwoo::LG_0p8mps,AB01_Jinwoo,LG_0p8mps,knee_angle_l,0.2995795272750325,0.09475978451480853,0.1488058937584604,0.6540035931879059,50.32841692755346,0.5592438086730974,0.988599146078452
AB01_Jinwoo::LG_0p8mps,AB01_Jinwoo,LG_0p8mps,ankle_angle_l,0.3802091953922031,0.7697941599874655,0.18545125241789118,0.9022232064399218,51.223890777657346,0.13242904645245634,0.8957081873801377
AB01_Jinwoo::LG_1p2mps,AB01_Jinwoo,LG_1p2mps,hip_flexion_r,0.13484068315999154,0.8648622729051408,0.1484081090037411,0.819590569137462,-10.061819271303682,-0.04527170376767886,0.9858726316779122
AB01_Jinwoo::LG_1p2mps,AB01_Jinwoo,LG_1p2mps,knee_angle_r,0.08633537976577316,0.900459149900868,0.08177011445133725,0.8929222041055996,5.2878267598074125,-0.007536945795268313,0.9858612144387541
AB01_Jinwoo::LG_1p2mps,AB01_Jinwoo,LG_1p2mps,ankle_angle_r,0.2020039746409846,0.9637516065100321,0.13337888168158188,0.9738530928338063,33.97214984574832,0.010101486323774167,0.9220670298323468
AB01_Jinwoo::LG_1p2mps,AB01_Jinwoo,LG_1p2mps,hip_flexion_l,0.08165231818070832,0.9390144746636183,0.1765500911180693,0.8318270180916911,-116.22177428856159,-0.10718745657192719,0.9887593241568361
AB01_Jinwoo::LG_1p2mps,AB01_Jinwoo,LG_1p2mps,knee_angle_l,0.3047203252064827,0.4781701268054533,0.19745651390697103,0.7619678691494634,35.200740622348775,0.28379774234401006,0.98282595072928
AB01_Jinwoo::LG_1p2mps,AB01_Jinwoo,LG_1p2mps,ankle_angle_l,0.279977119735156,0.8730091706716214,0.1372003224746897,0.9531882377681867,50.99588044749008,0.0801790670965653,0.8964437570994261
AB01_Jinwoo::LG_1p6mps,AB01_Jinwoo,LG_1p6mps,hip_flexion_r,0.16006183554498973,0.9089818891837188,0.1773408149403202,0.8748750987202598,-10.795190081694232,-0.03410679046345899,0.9884151735964838
AB01_Jinwoo::LG_1p6mps,AB01_Jinwoo,LG_1p6mps,knee_angle_r,0.08356910383585664,0.9480875227916509,0.08160510433510475,0.9473829974184288,2.3501502476435645,-0.0007045253732220758,0.9822227819350192
AB01_Jinwoo::LG_1p6mps,AB01_Jinwoo,LG_1p6mps,ankle_angle_r,0.20697506535804253,0.95190904701658,0.16644581171892456,0.9693807586357011,19.58170834202039,0.01747171161912109,0.9227502921601295
AB01_Jinwoo::LG_1p6mps,AB01_Jinwoo,LG_1p6mps,hip_flexion_l,0.11297182357971106,0.952203798531045,0.20266483732701635,0.8883771891697838,-79.39414528793489,-0.06382660936126117,0.9902009150718051
AB01_Jinwoo::LG_1p6mps,AB01_Jinwoo,LG_1p6mps,knee_angle_l,0.28432225566238617,0.754565931025631,0.1830214997149593,0.9052818958529895,35.628852096515025,0.1507159648273585,0.9766223753769074
AB01_Jinwoo::LG_1p6mps,AB01_Jinwoo,LG_1p6mps,ankle_angle_l,0.24579834626840796,0.905353119540084,0.14191976749731378,0.95987973165946,42.261707756837545,0.05452661211937593,0.8967026384470338
AB01_Jinwoo::RA_0p8mps,AB01_Jinwoo,RA_0p8mps,hip_flexion_r,0.11574671248627406,0.8770949537226755,0.1376970097933942,0.906174774725255,-18.964078405011396,0.029079821002579442,0.9915874166817438
AB01_Jinwoo::RA_0p8mps,AB01_Jinwoo,RA_0p8mps,knee_angle_r,0.11855300776960458,0.8858115130674284,0.12097159111987935,0.9187671090718447,-2.0400860305248725,0.03295559600441622,0.9982844670880177
AB01_Jinwoo::RA_0p8mps,AB01_Jinwoo,RA_0p8mps,ankle_angle_r,0.11119955675737568,0.9741095210917211,0.0894790759556831,0.9778675663794617,19.53288433431809,0.0037580452877405968,0.9910908779762463
AB01_Jinwoo::RA_0p8mps,AB01_Jinwoo,RA_0p8mps,hip_flexion_l,0.10121323467352188,0.9149566236103469,0.16762716691903065,0.8940943773866179,-65.61783393222896,-0.02086224622372901,0.9884946485960974
AB01_Jinwoo::RA_0p8mps,AB01_Jinwoo,RA_0p8mps,knee_angle_l,0.21793032051669503,0.6233742701554277,0.18127030270090805,0.740641554808726,16.82189872839588,0.11726728465329828,0.9979509467986168
AB01_Jinwoo::RA_0p8mps,AB01_Jinwoo,RA_0p8mps,ankle_angle_l,0.33472842875025133,0.8607614592568437,0.11071657578680472,0.9621421024296186,66.9234620434905,0.10138064317277495,0.9788932806857419
AB01_Jinwoo::RD_0p8mps,AB01_Jinwoo,RD_0p8mps,hip_flexion_r,0.13808533852371835,0.7023771316571543,0.1062817800517923,0.846826793549187,23.03181410274291,0.14444966189203268,0.9629866377423807
AB01_Jinwoo::RD_0p8mps,AB01_Jinwoo,RD_0p8mps,knee_angle_r,0.26300876712113785,0.48053370589093597,0.09373463492655335,0.9141481745080834,64.36064244072115,0.4336144686171474,0.9944318401209209
AB01_Jinwoo::RD_0p8mps,AB01_Jinwoo,RD_0p8mps,ankle_angle_r,0.19674320421186323,0.8480175092340568,0.1729852701464504,0.9404502899553556,12.075605945620898,0.09243278072129879,0.9253107080856371
AB01_Jinwoo::RD_0p8mps,AB01_Jinwoo,RD_0p8mps,hip_flexion_l,0.08494992546498846,0.8332496846148585,0.12558584061649053,0.8373668703782609,-47.83513926477768,0.0041171857634023645,0.9740862096311105
AB01_Jinwoo::RD_0p8mps,AB01_Jinwoo,RD_0p8mps,knee_angle_l,0.5056710061469577,0.1798345350883452,0.242624135489472,0.9076686552125292,52.01936979970712,0.7278341201241839,0.991273057784891
AB01_Jinwoo::RD_0p8mps,AB01_Jinwoo,RD_0p8mps,ankle_angle_l,0.23496912509991982,0.832865955547917,0.17155355463685223,0.9202692640086748,26.988895003162792,0.08740330846075783,0.7411899450925123
AB02_Oscar::LG_0p8mps,AB02_Oscar,LG_0p8mps,hip_flexion_r,0.12777539772978058,0.7273694955370484,0.07191245710747185,0.908929443008411,43.719637437910926,0.18155994747136261,0.9797021942734266
AB02_Oscar::LG_0p8mps,AB02_Oscar,LG_0p8mps,knee_angle_r,0.17749651653700382,0.24163284841633875,0.05036616610029544,0.757640616986885,71.62413827440085,0.5160077685705462,0.9930885082241376
AB02_Oscar::LG_0p8mps,AB02_Oscar,LG_0p8mps,ankle_angle_r,0.14095907008030842,0.9551685967359949,0.13790356400978085,0.958940441521203,2.167654815533871,0.0037718447852080894,0.8626190651469622
AB02_Oscar::LG_0p8mps,AB02_Oscar,LG_0p8mps,hip_flexion_l,0.10205392041053214,0.7864518725887719,0.09124674972130908,0.8535184757325784,10.589667350111656,0.06706660314380652,0.979257064546497
AB02_Oscar::LG_0p8mps,AB02_Oscar,LG_0p8mps,knee_angle_l,0.2715245147422248,0.0032225085294198532,0.08455439750965986,0.6678081003684144,68.85938730433506,0.6645855918389946,0.9957325888250275
AB02_Oscar::LG_0p8mps,AB02_Oscar,LG_0p8mps,ankle_angle_l,0.18244456908778295,0.9445171842747921,0.14768419720092965,0.9472450981283965,19.052565971491536,0.00272791385360438,0.9180291924228696
AB02_Oscar::LG_1p2mps,AB02_Oscar,LG_1p2mps,hip_flexion_r,0.18513739579797042,0.8341755946005506,0.10014152726824438,0.9243199535284814,45.909616565243816,0.09014435892793082,0.9823994941544366
AB02_Oscar::LG_1p2mps,AB02_Oscar,LG_1p2mps,knee_angle_r,0.05450602837835815,0.8992887915169622,0.06260655295100166,0.864869600400644,-14.861703950273254,-0.03441919111631819,0.9943114980990738
AB02_Oscar::LG_1p2mps,AB02_Oscar,LG_1p2mps,ankle_angle_r,0.13012456994955854,0.9847160530921412,0.12085371833390424,0.9871240114046425,7.12459731413372,0.0024079583125012904,0.8817632462302267
AB02_Oscar::LG_1p2mps,AB02_Oscar,LG_1p2mps,hip_flexion_l,0.15092846134174048,0.8706705214496225,0.13769443267675546,0.8519449203951491,8.768411568855663,-0.018725601054473406,0.9813262013353604
AB02_Oscar::LG_1p2mps,AB02_Oscar,LG_1p2mps,knee_angle_l,0.09908413175395593,0.8054083868346958,0.0911786358460638,0.8066717434097518,7.978569088663895,0.0012633565750559406,0.9930920975290249
AB02_Oscar::LG_1p2mps,AB02_Oscar,LG_1p2mps,ankle_angle_l,0.13916765061651756,0.9752748387191436,0.10603022257056392,0.9852732780191187,23.811157190017706,0.009998439299975126,0.9400078276935669
AB02_Oscar::LG_1p6mps,AB02_Oscar,LG_1p6mps,hip_flexion_r,0.1788330108899527,0.8927299190177782,0.12168214420569005,0.9455276573297733,31.957671796641176,0.05279773831199508,0.9891643714747126
AB02_Oscar::LG_1p6mps,AB02_Oscar,LG_1p6mps,knee_angle_r,0.06333655996032991,0.9751468560989571,0.12333723787130689,0.9469614034082644,-94.73308614891253,-0.028185452690692725,0.9908604646327909
AB02_Oscar::LG_1p6mps,AB02_Oscar,LG_1p6mps,ankle_angle_r,0.11382761291935195,0.9729876360037713,0.11893909855635615,0.9879813488095641,-4.490549793595108,0.01499371280579287,0.8993510660691345
AB02_Oscar::LG_1p6mps,AB02_Oscar,LG_1p6mps,hip_flexion_l,0.17429955354798246,0.8939410123515252,0.14785441246536776,0.921272411760533,15.172236844160755,0.02733139940900775,0.990133148219176
AB02_Oscar::LG_1p6mps,AB02_Oscar,LG_1p6mps,knee_angle_l,0.15749814549674257,0.9463535014509713,0.13222885181291888,0.9607389319171891,16.044184903971658,0.014385430466217763,0.9887246508860541
AB02_Oscar::LG_1p6mps,AB02_Oscar,LG_1p6mps,ankle_angle_l,0.13988260493302945,0.9717865037046444,0.07884905591520477,0.9933457034322458,43.63197914926252,0.021559199727601452,0.9545038270153722
AB02_Oscar::RA_0p8mps,AB02_Oscar,RA_0p8mps,hip_flexion_r,0.29450028254815785,0.7891372295002703,0.187836230425816,0.9234234033430025,36.21865867137147,0.13428617384273223,0.9899338337540048
AB02_Oscar::RA_0p8mps,AB02_Oscar,RA_0p8mps,knee_angle_r,0.21483723254649198,0.7265158844133311,0.09437159107097622,0.9405463417985183,56.07298141370646,0.2140304573851871,0.99817754572865
AB02_Oscar::RA_0p8mps,AB02_Oscar,RA_0p8mps,ankle_angle_r,0.14730105724233378,0.9292295717952511,0.09452258459068805,0.9705142105588764,35.83034204894858,0.041284638763625314,0.9652249755457316
AB02_Oscar::RA_0p8mps,AB02_Oscar,RA_0p8mps,hip_flexion_l,0.26921856009037726,0.8120182981475744,0.24333843725998888,0.9052199580268051,9.61305298628013,0.09320165987923068,0.989709729909782
AB02_Oscar::RA_0p8mps,AB02_Oscar,RA_0p8mps,knee_angle_l,0.2544771291165851,0.6733154707595348,0.10870157384453694,0.9218417243102611,57.28434448239282,0.24852625355072633,0.9978168722518003
AB02_Oscar::RA_0p8mps,AB02_Oscar,RA_0p8mps,ankle_angle_l,0.16055204245114954,0.923785796767118,0.11365719116395766,0.9687579170021928,29.208504962782005,0.0449721202350748,0.9702366579868731
AB02_Oscar::RD_0p8mps,AB02_Oscar,RD_0p8mps,hip_flexion_r,0.16129967045027108,0.6159801150381325,0.07832378364468492,0.8961596424262976,51.4420684022214,0.2801795273881651,0.9811444068363976
AB02_Oscar::RD_0p8mps,AB02_Oscar,RD_0p8mps,knee_angle_r,0.21856078184994418,0.8816085768625572,0.19243211255737508,0.9311164579019755,11.954875468238436,0.04950788103941828,0.9967992701920345
AB02_Oscar::RD_0p8mps,AB02_Oscar,RD_0p8mps,ankle_angle_r,0.14171271975112318,0.901691279789264,0.10984268251941512,0.945872398363051,22.48918607142565,0.04418111857378704,0.7098661670024661
AB02_Oscar::RD_0p8mps,AB02_Oscar,RD_0p8mps,hip_flexion_l,0.13315375279983194,0.6567241329748609,0.11168379687435909,0.826504651423206,16.124183865661163,0.16978051844834507,0.9613792657304379
AB02_Oscar::RD_0p8mps,AB02_Oscar,RD_0p8mps,knee_angle_l,0.2677190655972949,0.8883818797857762,0.1905503265957672,0.9416155253478395,28.824521267979293,0.053233645562063336,0.9967039877366368
AB02_Oscar::RD_0p8mps,AB02_Oscar,RD_0p8mps,ankle_angle_l,0.1660070270836992,0.9067595266670122,0.11403653153401247,0.9426000333176034,31.306202190756466,0.03584050665059124,0.8494316476696004
AB03_Ilseung::LG_0p8mps,AB03_Ilseung,LG_0p8mps,hip_flexion_r,0.12300618470183593,0.6643052505663286,0.08571189763591042,0.8486805750584934,30.319034084608003,0.18437532449216476,0.9921765785207434
AB03_Ilseung::LG_0p8mps,AB03_Ilseung,LG_0p8mps,knee_angle_r,0.04794471963887238,0.8886185441540803,0.038286385752689944,0.9455011779683556,20.144729094112172,0.056882633814275385,0.9899931824062134
AB03_Ilseung::LG_0p8mps,AB03_Ilseung,LG_0p8mps,ankle_angle_r,0.09264481174621224,0.9724146422200067,0.07809278707974994,0.9846354783178788,15.707328227214251,0.012220836097872056,0.92493320480993
AB03_Ilseung::LG_0p8mps,AB03_Ilseung,LG_0p8mps,hip_flexion_l,0.13031336396909424,0.7029723676154409,0.10220240835427309,0.8496988346226877,21.571813326442925,0.14672646700724679,0.9912686516260523
AB03_Ilseung::LG_0p8mps,AB03_Ilseung,LG_0p8mps,knee_angle_l,0.06039580367821012,0.8494899935171392,0.0476893695880646,0.9382633457414165,21.038604201453495,0.08877335222427729,0.9892520780626617
AB03_Ilseung::LG_0p8mps,AB03_Ilseung,LG_0p8mps,ankle_angle_l,0.08446341189223901,0.9653751287614254,0.06405632327010237,0.9813929425912495,24.160862277470653,0.016017813829824146,0.8558071212057242
AB03_Ilseung::LG_1p2mps,AB03_Ilseung,LG_1p2mps,hip_flexion_r,0.1480899976635811,0.8104473885575133,0.09108259094770861,0.911420713974319,38.495109470780946,0.1009733254168057,0.9930078228552691
AB03_Ilseung::LG_1p2mps,AB03_Ilseung,LG_1p2mps,knee_angle_r,0.0690840942858736,0.9435685001834684,0.05563339138625233,0.9687683284237795,19.470043052112047,0.025199828240311084,0.9884059327243911
AB03_Ilseung::LG_1p2mps,AB03_Ilseung,LG_1p2mps,ankle_angle_r,0.14037792510873015,0.9456494838828476,0.08479244451722771,0.9808025806734773,39.597023925555625,0.03515309679062961,0.9202238481908724
AB03_Ilseung::LG_1p2mps,AB03_Ilseung,LG_1p2mps,hip_flexion_l,0.14237740496656356,0.8121598156919777,0.09569528374362428,0.913355060854955,32.78759100427648,0.10119524516297729,0.9912841594475489
AB03_Ilseung::LG_1p2mps,AB03_Ilseung,LG_1p2mps,knee_angle_l,0.08445161680261053,0.8894855891070287,0.07011244532699128,0.9461504782893155,16.979155661559822,0.05666488918228685,0.9840307198794326
AB03_Ilseung::LG_1p2mps,AB03_Ilseung,LG_1p2mps,ankle_angle_l,0.1633708726830228,0.9102207240861462,0.07741792637925578,0.9789186867511861,52.61216084126304,0.06869796266503991,0.8701973467188294
AB03_Ilseung::LG_1p6mps,AB03_Ilseung,LG_1p6mps,hip_flexion_r,0.14617132040794673,0.8972592601732221,0.09807636795781634,0.9490952677350094,32.90313880719084,0.0518360075617873,0.9933797692162095
AB03_Ilseung::LG_1p6mps,AB03_Ilseung,LG_1p6mps,knee_angle_r,0.09497174971184011,0.9270799169403636,0.06314611415465007,0.9725040178703646,33.510634113569814,0.04542410093000093,0.9875034890825327
AB03_Ilseung::LG_1p6mps,AB03_Ilseung,LG_1p6mps,ankle_angle_r,0.16362835984064908,0.933812836148979,0.11054088794701031,0.9762619957591753,32.4439308353017,0.04244915961019624,0.923097398361058
AB03_Ilseung::LG_1p6mps,AB03_Ilseung,LG_1p6mps,hip_flexion_l,0.16429399619446827,0.8628380963567391,0.10764940597210075,0.9356848718507911,34.47757771703329,0.07284677549405194,0.9936546309506523
AB03_Ilseung::LG_1p6mps,AB03_Ilseung,LG_1p6mps,knee_angle_l,0.1008880052778973,0.9073941702507496,0.0655203046357131,0.9647600958915109,35.05639797789978,0.05736592564076126,0.9817489434325273
AB03_Ilseung::LG_1p6mps,AB03_Ilseung,LG_1p6mps,ankle_angle_l,0.1982883007582826,0.9014725875841013,0.11952806935952727,0.9825081455056092,39.72005967954994,0.08103555792150785,0.8465408799529741
AB03_Ilseung::RA_0p8mps,AB03_Ilseung,RA_0p8mps,hip_flexion_r,0.2701224730456215,0.7433181485923596,0.2243914498799628,0.800695410976739,16.929736593199003,0.05737726238437946,0.9961405587115043
AB03_Ilseung::RA_0p8mps,AB03_Ilseung,RA_0p8mps,knee_angle_r,0.07913993954201955,0.9437728068714312,0.0758637105904164,0.9449500285884868,4.13979208293889,0.0011772217170555876,0.9965692623364747
AB03_Ilseung::RA_0p8mps,AB03_Ilseung,RA_0p8mps,ankle_angle_r,0.13167691783791452,0.9421480960272554,0.08925124467615696,0.9723339909397376,32.219521734234945,0.030185894912482247,0.9812088273156583
AB03_Ilseung::RA_0p8mps,AB03_Ilseung,RA_0p8mps,hip_flexion_l,0.2761184041519286,0.8542150271400276,0.14638540836427785,0.9188120480495484,46.98455221994829,0.0645970209095208,0.9963408936195802
AB03_Ilseung::RA_0p8mps,AB03_Ilseung,RA_0p8mps,knee_angle_l,0.06838030872524854,0.9204719462448283,0.06015005220103597,0.9464515650240383,12.036003752603209,0.025979618779209956,0.9921660444916836
AB03_Ilseung::RA_0p8mps,AB03_Ilseung,RA_0p8mps,ankle_angle_l,0.10869475290405631,0.9706169863100883,0.09500207572211075,0.9784875797867308,12.597367228970045,0.00787059347664254,0.9474755540106811
AB03_Ilseung::RD_0p8mps,AB03_Ilseung,RD_0p8mps,hip_flexion_r,0.14248356706407045,0.7371869354636081,0.09771607371710359,0.8465406312813085,31.4194080548505,0.10935369581770038,0.9112149825101831
AB03_Ilseung::RD_0p8mps,AB03_Ilseung,RD_0p8mps,knee_angle_r,0.08078247401865839,0.9589016199148294,0.08297736484044183,0.95357952963954,-2.71703837799828,-0.005322090275289404,0.9931553216612792
AB03_Ilseung::RD_0p8mps,AB03_Ilseung,RD_0p8mps,ankle_angle_r,0.15579732217751407,0.9343538987377908,0.13313223965297005,0.9567981034668065,14.547799800255635,0.02244420472901565,0.9152214398334235
AB03_Ilseung::RD_0p8mps,AB03_Ilseung,RD_0p8mps,hip_flexion_l,0.10309941453725532,0.803087192139147,0.12091488825548549,0.7084439118555962,-17.279898046164448,-0.09464328028355085,0.9363088853826782
AB03_Ilseung::RD_0p8mps,AB03_Ilseung,RD_0p8mps,knee_angle_l,0.1022864888411208,0.9027110372446229,0.08576077820783172,0.9333319804784205,16.15629866712708,0.030620943233797604,0.9928854570721101
AB03_Ilseung::RD_0p8mps,AB03_Ilseung,RD_0p8mps,ankle_angle_l,0.17870135502087692,0.9311059677190832,0.15293382047828818,0.9391096807012415,14.419328012134223,0.008003712982158295,0.8650791439855917
AB04_Changseob::LG_0p8mps,AB04_Changseob,LG_0p8mps,hip_flexion_r,0.09166967566614335,0.8340291621797501,0.0712336877382882,0.8999232565677932,22.293073232070835,0.06589409438804306,0.9883315105857858
AB04_Changseob::LG_0p8mps,AB04_Changseob,LG_0p8mps,knee_angle_r,0.11126623388669031,0.7583282126963056,0.06307244071547201,0.8980196621226818,43.31394304250219,0.13969144942637624,0.994096305681831
AB04_Changseob::LG_0p8mps,AB04_Changseob,LG_0p8mps,ankle_angle_r,0.11135964748082132,0.9443172365820628,0.07447650697309052,0.9697897171687921,33.12074107821051,0.02547248058672935,0.8954880123870611
AB04_Changseob::LG_0p8mps,AB04_Changseob,LG_0p8mps,hip_flexion_l,0.1400115686511584,0.7974545253308012,0.06747176435013025,0.9303693006024394,51.80986471322417,0.1329147752716382,0.9907620554067414
AB04_Changseob::LG_0p8mps,AB04_Changseob,LG_0p8mps,knee_angle_l,0.14014410492596108,0.646379579400279,0.045524310429197135,0.9214018196099236,67.51607179392393,0.2750222402096446,0.9975646899659986
AB04_Changseob::LG_0p8mps,AB04_Changseob,LG_0p8mps,ankle_angle_l,0.18080593722007343,0.8772437073268503,0.08146899331041596,0.9662876977407933,54.94119575771813,0.08904399041394295,0.897998287819654
AB04_Changseob::LG_1p2mps,AB04_Changseob,LG_1p2mps,hip_flexion_r,0.11667122245657223,0.9078459304555296,0.09456865496042571,0.942122675024778,18.944318085270435,0.03427674456924834,0.993937588940468
AB04_Changseob::LG_1p2mps,AB04_Changseob,LG_1p2mps,knee_angle_r,0.05643718527146229,0.9605180051907362,0.050347244433008274,0.9658883494363046,10.790653022757004,0.005370344245568481,0.9931052135230573
AB04_Changseob::LG_1p2mps,AB04_Changseob,LG_1p2mps,ankle_angle_r,0.08639866745190643,0.9745508400957839,0.05627839935436228,0.9900094283800314,34.86195908555014,0.01545858828424751,0.8940715454462544
AB04_Changseob::LG_1p2mps,AB04_Changseob,LG_1p2mps,hip_flexion_l,0.1603525045217879,0.9084707158296133,0.09394178492401051,0.9757958268965882,41.41545515352636,0.06732511106697492,0.9930562455913706
AB04_Changseob::LG_1p2mps,AB04_Changseob,LG_1p2mps,knee_angle_l,0.0756098162448174,0.9216458837312538,0.046588824931906934,0.9611251331764421,38.38257088066879,0.039479249445188325,0.9963740406790225
AB04_Changseob::LG_1p2mps,AB04_Changseob,LG_1p2mps,ankle_angle_l,0.10469003925686401,0.9604324994175066,0.07872225768369133,0.981598845768235,24.80444343846218,0.021166346350728338,0.900316909308199
AB04_Changseob::LG_1p6mps,AB04_Changseob,LG_1p6mps,hip_flexion_r,0.1506181484211364,0.9431345031534881,0.1395731819996085,0.9582645817013181,7.333091355396028,0.015130078547829995,0.9964422436071925
AB04_Changseob::LG_1p6mps,AB04_Changseob,LG_1p6mps,knee_angle_r,0.06657857923509165,0.9700978773320487,0.06988133681317389,0.9724191326767919,-4.960690985038998,0.002321255344743256,0.9927974553148193
AB04_Changseob::LG_1p6mps,AB04_Changseob,LG_1p6mps,ankle_angle_r,0.0949003297862087,0.9768596367047635,0.10684355445623825,0.980223086158512,-12.585019142647054,0.003363449453748446,0.9044639364999852
AB04_Changseob::LG_1p6mps,AB04_Changseob,LG_1p6mps,hip_flexion_l,0.17392431464096447,0.9434593313815043,0.16853916011484613,0.9633030190230343,3.096263186222715,0.019843687641529995,0.9952267864803959
AB04_Changseob::LG_1p6mps,AB04_Changseob,LG_1p6mps,knee_angle_l,0.06678920947927412,0.9689858649671672,0.05982036502852544,0.9715363205492927,10.434087339978532,0.0025504555821255215,0.9951669694848556
AB04_Changseob::LG_1p6mps,AB04_Changseob,LG_1p6mps,ankle_angle_l,0.11041562124707065,0.9823479860475307,0.10658051231248532,0.9917302466069147,3.4733390903119843,0.00938226055938396,0.9168208919350447
AB04_Changseob::RA_0p8mps,AB04_Changseob,RA_0p8mps,hip_flexion_r,0.2094656260249196,0.8749869253411423,0.19770708298597534,0.9055716321538713,5.613590765267324,0.030584706812728957,0.9964789863098665
AB04_Changseob::RA_0p8mps,AB04_Changseob,RA_0p8mps,knee_angle_r,0.17867958580721321,0.8050517565513604,0.12677745433699128,0.8829679232030713,29.047600057805074,0.07791616665171086,0.9972312485500031
AB04_Changseob::RA_0p8mps,AB04_Changseob,RA_0p8mps,ankle_angle_r,0.20262812707528022,0.8728457062950317,0.1653964107101815,0.9072461311874043,18.374406802500047,0.034400424892372605,0.974222385856398
AB04_Changseob::RA_0p8mps,AB04_Changseob,RA_0p8mps,hip_flexion_l,0.18174875106117797,0.8495218071997515,0.11649903675243106,0.9390936594676106,35.90105237465063,0.08957185226785913,0.9952308168308256
AB04_Changseob::RA_0p8mps,AB04_Changseob,RA_0p8mps,knee_angle_l,0.10951569775609195,0.9001870680953354,0.07808747038600254,0.9336253693619362,28.697463481522835,0.033438301266600745,0.9990417869174198
AB04_Changseob::RA_0p8mps,AB04_Changseob,RA_0p8mps,ankle_angle_l,0.146077165171049,0.8973608777699725,0.14576350335286808,0.9186460207616517,0.2147233743300143,0.021285142991679162,0.9666874670097548
AB04_Changseob::RD_0p8mps,AB04_Changseob,RD_0p8mps,hip_flexion_r,0.11605589239770028,0.7392886799394371,0.07951003145966384,0.8575292916720589,31.489879732087278,0.11824061173262179,0.9544525317815563
AB04_Changseob::RD_0p8mps,AB04_Changseob,RD_0p8mps,knee_angle_r,0.1690105082785074,0.9099995769761233,0.1166809006284313,0.9535651758039353,30.962339669343923,0.04356559882781197,0.9963516646714434
AB04_Changseob::RD_0p8mps,AB04_Changseob,RD_0p8mps,ankle_angle_r,0.15167660167060834,0.8944398503392026,0.11751154232977458,0.9314455786806682,22.52493724445978,0.03700572834146565,0.8185279348845073
AB04_Changseob::RD_0p8mps,AB04_Changseob,RD_0p8mps,hip_flexion_l,0.16115359788442565,0.5452436481341263,0.10607576730590643,0.7487914163933341,34.17722675854828,0.20354776825920784,0.9774346715147234
AB04_Changseob::RD_0p8mps,AB04_Changseob,RD_0p8mps,knee_angle_l,0.18575939143682887,0.8818506248874,0.1409027799816418,0.9185862254206969,24.147695095373656,0.03673560053329694,0.9984043197984819
AB04_Changseob::RD_0p8mps,AB04_Changseob,RD_0p8mps,ankle_angle_l,0.17309349676153538,0.8821510171431073,0.1474416922574799,0.8915302206531986,14.81962348902976,0.00937920351009136,0.7858656677793141
AB05_Maria::LG_1p2mps,AB05_Maria,LG_1p2mps,hip_flexion_r,0.16685719451670533,0.8117977635312584,0.09569996568116947,0.9354555789403644,42.6455862701274,0.12365781540910592,0.9863379939875988
AB05_Maria::LG_1p2mps,AB05_Maria,LG_1p2mps,knee_angle_r,0.1480103852971337,0.826596629546405,0.08279663766191739,0.930201881087143,44.060251248112394,0.10360525154073796,0.9899929438272915
AB05_Maria::LG_1p2mps,AB05_Maria,LG_1p2mps,ankle_angle_r,0.08461711652832005,0.9916248421509665,0.17905248183087252,0.9594652237316394,-111.60314742106156,-0.03215961841932702,0.8836870115709082
AB05_Maria::LG_1p2mps,AB05_Maria,LG_1p2mps,hip_flexion_l,0.1477858031915936,0.8543631745737097,0.11530975842026454,0.9245256119643982,21.975077490512543,0.0701624373906885,0.9846284230037595
AB05_Maria::LG_1p2mps,AB05_Maria,LG_1p2mps,knee_angle_l,0.09746418690349964,0.814180390068941,0.08329234019173226,0.8755165253012923,14.540568348247838,0.06133613523235126,0.9869554370689295
AB05_Maria::LG_1p2mps,AB05_Maria,LG_1p2mps,ankle_angle_l,0.11929736028051978,0.9790542618439143,0.19932098894785766,0.9315181966908754,-67.07912771847396,-0.047536065153038876,0.9469653007750669
AB05_Maria::LG_1p6mps,AB05_Maria,LG_1p6mps,hip_flexion_r,0.1593242647015336,0.903585416476929,0.13928909438280615,0.9344471141727348,12.57509040211789,0.030861697695805823,0.9901738012183597
AB05_Maria::LG_1p6mps,AB05_Maria,LG_1p6mps,knee_angle_r,0.15859556011778764,0.8822421657567199,0.09143459563320722,0.9566251361100631,42.34731693289555,0.07438297035334318,0.9885577065671426
AB05_Maria::LG_1p6mps,AB05_Maria,LG_1p6mps,ankle_angle_r,0.09921578114758658,0.9885491846468688,0.1770075022281915,0.9733103939921353,-78.40660042265584,-0.015238790654733547,0.8839470257275038
AB05_Maria::LG_1p6mps,AB05_Maria,LG_1p6mps,hip_flexion_l,0.15234564869244444,0.9171110993249775,0.13683009496984633,0.944961609813387,10.184441666542721,0.027850510488409475,0.9872626842315629
AB05_Maria::LG_1p6mps,AB05_Maria,LG_1p6mps,knee_angle_l,0.10094063990418259,0.8941719708975066,0.07345232534093196,0.9545802043253727,27.232158018161737,0.060408233427866165,0.9841272388097306
AB05_Maria::LG_1p6mps,AB05_Maria,LG_1p6mps,ankle_angle_l,0.118661296873395,0.9851149480575561,0.189786777157294,0.968822698342988,-59.93991483152753,-0.016292249714568108,0.9372342163191483
AB05_Maria::RA_0p8mps,AB05_Maria,RA_0p8mps,hip_flexion_r,0.25578534893719707,0.7477970676471829,0.15858313083767714,0.8929857711242386,38.00147995317197,0.1451887034770557,0.9946879025168113
AB05_Maria::RA_0p8mps,AB05_Maria,RA_0p8mps,knee_angle_r,0.11650877815923165,0.870455721448533,0.13046603780540533,0.8610110054107036,-11.979577733703811,-0.00944471603782937,0.9950750818653505
AB05_Maria::RA_0p8mps,AB05_Maria,RA_0p8mps,ankle_angle_r,0.13781042664233933,0.9296614251677078,0.17374578122347537,0.9461739496115911,-26.075933045617358,0.016512524443883292,0.951166952608645
AB05_Maria::RA_0p8mps,AB05_Maria,RA_0p8mps,hip_flexion_l,0.20368665118826595,0.8112840369000982,0.16933088400218657,0.9145445757608349,16.86697041050796,0.10326053886073672,0.9923522843981131
AB05_Maria::RA_0p8mps,AB05_Maria,RA_0p8mps,knee_angle_l,0.121905477961804,0.8383348161164698,0.12525638192709224,0.8572165909845654,-2.7487722629972065,0.018881774868095613,0.9939983205363183
AB05_Maria::RA_0p8mps,AB05_Maria,RA_0p8mps,ankle_angle_l,0.25376752084104953,0.874587888372984,0.20449288792258555,0.929921738586905,19.41723383479313,0.05533385021392101,0.9632528554749329
AB05_Maria::RD_0p8mps,AB05_Maria,RD_0p8mps,hip_flexion_r,0.16260543491372342,0.6886517319896336,0.09013607755634533,0.9148181384743503,44.567610791010466,0.22616640648471675,0.9690246549655929
AB05_Maria::RD_0p8mps,AB05_Maria,RD_0p8mps,knee_angle_r,0.0917420183432545,0.8927544453140994,0.10774751053010798,0.8480936744984007,-17.44619583904141,-0.04466077081569875,0.9974803448429476
AB05_Maria::RD_0p8mps,AB05_Maria,RD_0p8mps,ankle_angle_r,0.16318821501335762,0.921456654881696,0.12834952650215267,0.9317295322359779,21.34877724372024,0.01027287735428184,0.8752370050561288
AB05_Maria::RD_0p8mps,AB05_Maria,RD_0p8mps,hip_flexion_l,0.1832507269598339,0.5874646129306168,0.10010538841502353,0.8947080862381873,45.37244676962985,0.3072434733075705,0.956765190842355
AB05_Maria::RD_0p8mps,AB05_Maria,RD_0p8mps,knee_angle_l,0.11042158954216127,0.8887707675537678,0.10397662713964372,0.8843819837447133,5.836686855568891,-0.004388783809054497,0.9973584354147091
AB05_Maria::RD_0p8mps,AB05_Maria,RD_0p8mps,ankle_angle_l,0.1275523782514551,0.940428810854721,0.12057414866978008,0.9552369983902894,5.470873751893692,0.014808187535568451,0.93800921276045
AB06_Jimin::LG_0p8mps,AB06_Jimin,LG_0p8mps,hip_flexion_r,0.1001517544775354,0.8492335562058951,0.09645599971690309,0.8685940522494677,3.6901547855172936,0.019360496043572595,0.9820487818555973
AB06_Jimin::LG_0p8mps,AB06_Jimin,LG_0p8mps,knee_angle_r,0.1388694826805937,0.6098553645601851,0.07732381647802387,0.847156300857734,44.31907213489643,0.2373009362975489,0.9924971920829163
AB06_Jimin::LG_0p8mps,AB06_Jimin,LG_0p8mps,ankle_angle_r,0.13743781111067976,0.9030607696853005,0.0988184215034523,0.9543190535044699,28.099537743748673,0.051258283819169415,0.8385026203073088
AB06_Jimin::LG_0p8mps,AB06_Jimin,LG_0p8mps,hip_flexion_l,0.11147052043990228,0.8039343420912655,0.09628165515544838,0.849512556294798,13.625903265287755,0.045578214203532585,0.9784684610086836
AB06_Jimin::LG_0p8mps,AB06_Jimin,LG_0p8mps,knee_angle_l,0.09881955132314772,0.7718989345760212,0.07280763000097386,0.8464221898202119,26.322646656341146,0.07452325524419068,0.9939386337060099
AB06_Jimin::LG_0p8mps,AB06_Jimin,LG_0p8mps,ankle_angle_l,0.1618651266354873,0.866927261202098,0.12485696556198733,0.9313887716616245,22.863578982544286,0.06446151045952653,0.8130811374469585
AB06_Jimin::LG_1p2mps,AB06_Jimin,LG_1p2mps,hip_flexion_r,0.12839695624690348,0.9060755252121184,0.11893755428131833,0.9271035284057532,7.367310131086754,0.021028003193634737,0.991921693299731
AB06_Jimin::LG_1p2mps,AB06_Jimin,LG_1p2mps,knee_angle_r,0.18619393087203523,0.7168014937172892,0.10167166540828328,0.8690079808158284,45.394747867394905,0.15220648709853923,0.9902596357878674
AB06_Jimin::LG_1p2mps,AB06_Jimin,LG_1p2mps,ankle_angle_r,0.12789577160916582,0.9456950694276377,0.10632784239516088,0.9564488093959931,16.86367652553358,0.01075373996835538,0.8484353831679993
AB06_Jimin::LG_1p2mps,AB06_Jimin,LG_1p2mps,hip_flexion_l,0.11069574100972501,0.9281626646961434,0.12566459772948904,0.9100761079063487,-13.522522712458251,-0.01808655678979465,0.9919380115145912
AB06_Jimin::LG_1p2mps,AB06_Jimin,LG_1p2mps,knee_angle_l,0.10679929280807805,0.8797652462707433,0.09318741106129243,0.8868938243856842,12.745292022903783,0.007128578114940942,0.9923341706981245
AB06_Jimin::LG_1p2mps,AB06_Jimin,LG_1p2mps,ankle_angle_l,0.10463311427462696,0.9528455483393744,0.11023529848434639,0.9475945222539022,-5.354121635924522,-0.005251026085472232,0.8710138819296888
AB06_Jimin::LG_1p6mps,AB06_Jimin,LG_1p6mps,hip_flexion_r,0.13864889318562298,0.9443969554972077,0.1460823093436746,0.9508373351226106,-5.3613238355244395,0.006440379625402892,0.9963365576548342
AB06_Jimin::LG_1p6mps,AB06_Jimin,LG_1p6mps,knee_angle_r,0.16313078908327638,0.8376983375074172,0.08575964103535971,0.9439562853437272,47.428905654603064,0.10625794783631004,0.9869199863639573
AB06_Jimin::LG_1p6mps,AB06_Jimin,LG_1p6mps,ankle_angle_r,0.0964754906081163,0.9694895003356414,0.10025170217596736,0.9738887385842149,-3.9141667422973163,0.004399238248573467,0.8120974992969346
AB06_Jimin::LG_1p6mps,AB06_Jimin,LG_1p6mps,hip_flexion_l,0.14717505919101195,0.9502115978957155,0.14917601402820577,0.9549303015413122,-1.3595746780688318,0.004718703645596678,0.9959794112900233
AB06_Jimin::LG_1p6mps,AB06_Jimin,LG_1p6mps,knee_angle_l,0.145754248953746,0.870297073828699,0.10191875168878715,0.9287411336993752,30.0749361199547,0.058444059870676135,0.9912186928738789
AB06_Jimin::LG_1p6mps,AB06_Jimin,LG_1p6mps,ankle_angle_l,0.10268685526270119,0.9748909106561867,0.10459137794449165,0.9781122782583603,-1.854689849950289,0.0032213676021736193,0.8209715407070036
AB06_Jimin::RA_0p8mps,AB06_Jimin,RA_0p8mps,hip_flexion_r,0.14355560705036927,0.9251041441031604,0.10117322558453148,0.9467584717781302,29.523320152146407,0.021654327674969776,0.9965793511727664
AB06_Jimin::RA_0p8mps,AB06_Jimin,RA_0p8mps,knee_angle_r,0.1839788251030392,0.6824746903845802,0.10310022916947292,0.872935943190572,43.9608177127283,0.1904612528059918,0.9960485893425876
AB06_Jimin::RA_0p8mps,AB06_Jimin,RA_0p8mps,ankle_angle_r,0.17060523042976924,0.8681468281156534,0.12496441264483571,0.9246449799439436,26.75229690787345,0.05649815182829021,0.9265646759231091
AB06_Jimin::RA_0p8mps,AB06_Jimin,RA_0p8mps,hip_flexion_l,0.14128413075466184,0.926558280575564,0.09340531026075577,0.95076635006152,33.888321524975126,0.024208069485955996,0.9944184414942975
AB06_Jimin::RA_0p8mps,AB06_Jimin,RA_0p8mps,knee_angle_l,0.16090660466891474,0.7005269125671996,0.08448492483350717,0.8966809035271547,47.49443317920643,0.19615399095995512,0.9974770580627478
AB06_Jimin::RA_0p8mps,AB06_Jimin,RA_0p8mps,ankle_angle_l,0.21291719019830263,0.8207911904635063,0.0899663050829298,0.9592452395934126,57.74587058981064,0.13845404912990622,0.927102920321503
AB06_Jimin::RD_0p8mps,AB06_Jimin,RD_0p8mps,hip_flexion_r,0.08771993660264234,0.8799497463368662,0.07956736621849367,0.9132081125553922,9.293862603980832,0.03325836621852607,0.9712442450792659
AB06_Jimin::RD_0p8mps,AB06_Jimin,RD_0p8mps,knee_angle_r,0.09029449555094243,0.9358575153595233,0.07818276186580057,0.9587599664213419,13.413590287249182,0.02290245106181854,0.9956350663727943
AB06_Jimin::RD_0p8mps,AB06_Jimin,RD_0p8mps,ankle_angle_r,0.12522483866444759,0.9210539834697599,0.13096200020579016,0.9477847189552775,-4.58148846708908,0.02673073548551763,0.7180430806545266
AB06_Jimin::RD_0p8mps,AB06_Jimin,RD_0p8mps,hip_flexion_l,0.08209542619987732,0.8688175953705106,0.10232004185137288,0.8826385729059305,-24.635496260479584,0.013820977535419887,0.9681072032178217
AB06_Jimin::RD_0p8mps,AB06_Jimin,RD_0p8mps,knee_angle_l,0.0923737460871489,0.9358694696187534,0.10155333867383365,0.9491392138510123,-9.937447570897868,0.013269744232258907,0.9971203783983811
AB06_Jimin::RD_0p8mps,AB06_Jimin,RD_0p8mps,ankle_angle_l,0.14273781390054763,0.9188351632962755,0.17219231540923804,0.9313429136367425,-20.635387851191837,0.012507750340467028,0.70340588797105
AB07_Amy::LG_0p8mps,AB07_Amy,LG_0p8mps,hip_flexion_r,0.1412189896008198,0.8144988599931157,0.12268330791525403,0.8239708686312713,13.125488107484777,0.009472008638155671,0.9839393092406843
AB07_Amy::LG_0p8mps,AB07_Amy,LG_0p8mps,knee_angle_r,0.10391966308727314,0.5955170426049019,0.09955722178261842,0.6836474778936992,4.19789785210436,0.08813043528879727,0.9906995788203523
AB07_Amy::LG_0p8mps,AB07_Amy,LG_0p8mps,ankle_angle_r,0.11892339441771335,0.9450038874362511,0.10178435665016285,0.9553735447695908,14.411830280718666,0.010369657333339721,0.8512416967454319
AB07_Amy::LG_0p8mps,AB07_Amy,LG_0p8mps,hip_flexion_l,0.145838300927973,0.7817857189210444,0.09850489766923387,0.8741613407681383,32.45608523793505,0.09237562184709391,0.9809523153538691
AB07_Amy::LG_0p8mps,AB07_Amy,LG_0p8mps,knee_angle_l,0.07164547245183471,0.7087227331556982,0.09484918373646382,0.7139694805037857,-32.386849427545236,0.005246747348087499,0.9950590418369828
AB07_Amy::LG_0p8mps,AB07_Amy,LG_0p8mps,ankle_angle_l,0.1011374987144851,0.9443199715978761,0.10103172906001999,0.957569015175074,0.10458005765369412,0.013249043577197916,0.8973478767978834
AB07_Amy::LG_1p2mps,AB07_Amy,LG_1p2mps,hip_flexion_r,0.14982938601228366,0.8915027938778822,0.10201490436112651,0.9286266202510062,31.91261936242408,0.03712382637312395,0.9915152070481895
AB07_Amy::LG_1p2mps,AB07_Amy,LG_1p2mps,knee_angle_r,0.12600272847408334,0.7426615068011659,0.07162406970069914,0.9051869651440634,43.156731153301166,0.16252545834289744,0.9889562969899609
AB07_Amy::LG_1p2mps,AB07_Amy,LG_1p2mps,ankle_angle_r,0.14032636351772343,0.9756298819718016,0.1151341633819407,0.9767594928425575,17.952578192907364,0.001129610870755915,0.8268661594077884
AB07_Amy::LG_1p2mps,AB07_Amy,LG_1p2mps,hip_flexion_l,0.13289202391992222,0.9078374223531391,0.09933292256942895,0.9366524381332926,25.252908610012014,0.02881501578015344,0.9854286026475666
AB07_Amy::LG_1p2mps,AB07_Amy,LG_1p2mps,knee_angle_l,0.08651615847479972,0.8173374733760185,0.09381330267613108,0.8617852972525356,-8.434429278846055,0.044447823876517134,0.9928316389715088
AB07_Amy::LG_1p2mps,AB07_Amy,LG_1p2mps,ankle_angle_l,0.13370752419661086,0.9587553733167719,0.10844796561084148,0.9647961751356944,18.89165081587057,0.0060408018189225254,0.8734570131833075
AB07_Amy::LG_1p6mps,AB07_Amy,LG_1p6mps,hip_flexion_r,0.17021853720335425,0.9258431639808895,0.1714642162335026,0.9189152345193845,-0.731811617356449,-0.006927929461505,0.9940459238569533
AB07_Amy::LG_1p6mps,AB07_Amy,LG_1p6mps,knee_angle_r,0.10768032197630484,0.878565309856305,0.08381122874083641,0.918180170087352,22.166625059610098,0.03961486023104699,0.9896067509208581
AB07_Amy::LG_1p6mps,AB07_Amy,LG_1p6mps,ankle_angle_r,0.13857072906975812,0.9831804649126465,0.1486802183322952,0.9665912738089233,-7.295544542778468,-0.016589191103723255,0.8715204646854754
AB07_Amy::LG_1p6mps,AB07_Amy,LG_1p6mps,hip_flexion_l,0.18331102813109731,0.9265613616100082,0.19611676163892636,0.9086398717060207,-6.985795474711348,-0.017921489903987564,0.9898969103638459
AB07_Amy::LG_1p6mps,AB07_Amy,LG_1p6mps,knee_angle_l,0.08355347147199098,0.9122638520772351,0.08327580198147676,0.9240726170244699,0.3323254984172643,0.011808764947234707,0.9927980107633022
AB07_Amy::LG_1p6mps,AB07_Amy,LG_1p6mps,ankle_angle_l,0.13609625115041615,0.9730680047123825,0.13650723671181253,0.9682989244512992,-0.30198154462178933,-0.004769080261083358,0.8844390049123565
AB07_Amy::RA_0p8mps,AB07_Amy,RA_0p8mps,hip_flexion_r,0.17513231764060203,0.8465538821040451,0.13381604420531823,0.9050305616961971,23.59146158281936,0.05847667959215197,0.9941906953201267
AB07_Amy::RA_0p8mps,AB07_Amy,RA_0p8mps,knee_angle_r,0.11140689876132248,0.7876589876372673,0.1075777037017442,0.8349487676517132,3.4371256198253275,0.04728978001444595,0.9959285920731092
AB07_Amy::RA_0p8mps,AB07_Amy,RA_0p8mps,ankle_angle_r,0.1836942428042236,0.9183694751207283,0.16161016125072364,0.9220585834688853,12.02219580557927,0.0036891083481569442,0.943452143857419
AB07_Amy::RA_0p8mps,AB07_Amy,RA_0p8mps,hip_flexion_l,0.1671146930768868,0.8433329245942959,0.13283038811348769,0.9049385906929361,20.515434239899818,0.061605666098640266,0.9922809197953141
AB07_Amy::RA_0p8mps,AB07_Amy,RA_0p8mps,knee_angle_l,0.107007753517807,0.8136891411037239,0.1077029616582518,0.8206883157257638,-0.6496801564282058,0.0069991746220399165,0.9980291477107719
AB07_Amy::RA_0p8mps,AB07_Amy,RA_0p8mps,ankle_angle_l,0.1776244470661433,0.892499057642601,0.1429523473791158,0.9190814332504418,19.519891692676968,0.026582375607840825,0.9564618277387743
AB07_Amy::RD_0p8mps,AB07_Amy,RD_0p8mps,hip_flexion_r,0.12349346993126488,0.7680324536616602,0.12897001046556886,0.7440438549066944,-4.434680260707032,-0.02398859875496573,0.9504764092001372
AB07_Amy::RD_0p8mps,AB07_Amy,RD_0p8mps,knee_angle_r,0.09624907115923832,0.8690263882627647,0.09299277078951317,0.9155809523464514,3.383201864190256,0.046554564083686745,0.9944111193784694
AB07_Amy::RD_0p8mps,AB07_Amy,RD_0p8mps,ankle_angle_r,0.12337173267387391,0.9330016479113076,0.16111336243426183,0.9452135386572871,-30.591796793642953,0.012211890745979503,0.8289597152801097
AB07_Amy::RD_0p8mps,AB07_Amy,RD_0p8mps,hip_flexion_l,0.11168100400409124,0.8130959805053313,0.10470011420542868,0.8127841749846125,6.250740545282727,-0.00031180552071874423,0.9501053480920849
AB07_Amy::RD_0p8mps,AB07_Amy,RD_0p8mps,knee_angle_l,0.16975587634173386,0.8139111964652338,0.09741090383615837,0.903268660903287,42.61706520246672,0.08935746443805315,0.9953825830570264
AB07_Amy::RD_0p8mps,AB07_Amy,RD_0p8mps,ankle_angle_l,0.1601189075621189,0.9121713285708469,0.2155559103559382,0.916215068220811,-34.62239634148906,0.004043739649964073,0.8967783520651014
AB08_Seokhyun::LG_0p8mps,AB08_Seokhyun,LG_0p8mps,hip_flexion_r,0.08427442567202838,0.856998108992528,0.07362005006861126,0.8937174144266283,12.642477855477596,0.03671930543410029,0.9920030048612903
AB08_Seokhyun::LG_0p8mps,AB08_Seokhyun,LG_0p8mps,knee_angle_r,0.07033750734901607,0.680146801491104,0.05518956137136769,0.7858453161786797,21.536085864521727,0.10569851468757574,0.9927609607016236
AB08_Seokhyun::LG_0p8mps,AB08_Seokhyun,LG_0p8mps,ankle_angle_r,0.1675712865589929,0.9532762894854167,0.12090143012460204,0.9799752823728224,27.850747817682294,0.026698992887405737,0.9286899054178009
AB08_Seokhyun::LG_0p8mps,AB08_Seokhyun,LG_0p8mps,hip_flexion_l,0.0899445058878142,0.8657612101321295,0.08144366662196166,0.8939411411979067,9.451204586587483,0.02817993106577721,0.9867049074383686
AB08_Seokhyun::LG_0p8mps,AB08_Seokhyun,LG_0p8mps,knee_angle_l,0.06959280660854411,0.8037340761818009,0.08722998665286551,0.7561052900850931,-25.343395249928072,-0.04762878609670784,0.9888720254878524
AB08_Seokhyun::LG_0p8mps,AB08_Seokhyun,LG_0p8mps,ankle_angle_l,0.1529050285971774,0.9759079559365875,0.13566802243770096,0.9655280544154312,11.273014574874894,-0.01037990152115631,0.901582538571994
AB08_Seokhyun::LG_1p2mps,AB08_Seokhyun,LG_1p2mps,hip_flexion_r,0.11279961032066362,0.9022002666572877,0.12169780998675966,0.8953671530405801,-7.888502132942209,-0.006833113616707576,0.9912318257090746
AB08_Seokhyun::LG_1p2mps,AB08_Seokhyun,LG_1p2mps,knee_angle_r,0.07043997952073448,0.8170985262489402,0.07499299164090889,0.8040482199511699,-6.463676098648208,-0.013050306297770264,0.9922799426235078
AB08_Seokhyun::LG_1p2mps,AB08_Seokhyun,LG_1p2mps,ankle_angle_r,0.19320514282826612,0.9448902664461215,0.1640005432825582,0.9602228286478347,15.11584998110892,0.015332562201713196,0.923274377996196
AB08_Seokhyun::LG_1p2mps,AB08_Seokhyun,LG_1p2mps,hip_flexion_l,0.11652207166814825,0.9001810027353362,0.11221998684828417,0.9152641433308344,3.692077181837532,0.015083140595498201,0.9881890423948325
AB08_Seokhyun::LG_1p2mps,AB08_Seokhyun,LG_1p2mps,knee_angle_l,0.0909495998094239,0.7901188644653033,0.0914511430549569,0.8293529198869304,-0.5514518443005129,0.039234055421627057,0.991121936084486
AB08_Seokhyun::LG_1p2mps,AB08_Seokhyun,LG_1p2mps,ankle_angle_l,0.14130518097651268,0.9844051267577012,0.18622552841742995,0.9597671063086362,-31.789596906842217,-0.024638020449065046,0.9096966146660598
AB08_Seokhyun::LG_1p6mps,AB08_Seokhyun,LG_1p6mps,hip_flexion_r,0.12678407605628614,0.9236086629300347,0.17684494897738698,0.8928325810010628,-39.48514236036723,-0.030776081928971966,0.993988485034047
AB08_Seokhyun::LG_1p6mps,AB08_Seokhyun,LG_1p6mps,knee_angle_r,0.0846265085759829,0.9113197149688065,0.08063156172146058,0.9184202323191898,4.7206802238986585,0.007100517350383306,0.9893142260809419
AB08_Seokhyun::LG_1p6mps,AB08_Seokhyun,LG_1p6mps,ankle_angle_r,0.20830543257908407,0.9807484020398528,0.2369005840147893,0.9773323934220333,-13.727511127127691,-0.0034160086178195437,0.9052790030019471
AB08_Seokhyun::LG_1p6mps,AB08_Seokhyun,LG_1p6mps,hip_flexion_l,0.13568221231611471,0.9267139186910643,0.16123141018753429,0.9143443265674506,-18.830174888285736,-0.01236959212361377,0.991932659697496
AB08_Seokhyun::LG_1p6mps,AB08_Seokhyun,LG_1p6mps,knee_angle_l,0.1130378753700398,0.8216942124950615,0.09067833126356625,0.8806469316742161,19.78057711477462,0.05895271917915468,0.9876472744183894
AB08_Seokhyun::LG_1p6mps,AB08_Seokhyun,LG_1p6mps,ankle_angle_l,0.19194482266558097,0.9806900380098532,0.21161815603651515,0.9603776730015092,-10.249473310989156,-0.02031236500834399,0.9144365657041115
AB08_Seokhyun::RA_0p8mps,AB08_Seokhyun,RA_0p8mps,hip_flexion_r,0.25343237274154323,0.7421851643801326,0.22711355014093393,0.8137350586193913,10.384948977078752,0.07154989423925873,0.9955048443887593
AB08_Seokhyun::RA_0p8mps,AB08_Seokhyun,RA_0p8mps,knee_angle_r,0.14268796666701208,0.6523483150179664,0.11591164608542792,0.7841346900062804,18.765647312132145,0.13178637498831403,0.9920458710878068
AB08_Seokhyun::RA_0p8mps,AB08_Seokhyun,RA_0p8mps,ankle_angle_r,0.2756526830889048,0.7969499406591932,0.17347539803618792,0.9260406660595101,37.067400871176055,0.12909072540031685,0.9606209537903623
AB08_Seokhyun::RA_0p8mps,AB08_Seokhyun,RA_0p8mps,hip_flexion_l,0.2603092192053598,0.7267521097437541,0.23174916729486003,0.8178397898338238,10.971586791157234,0.09108768009006962,0.9910443453861453
AB08_Seokhyun::RA_0p8mps,AB08_Seokhyun,RA_0p8mps,knee_angle_l,0.10897672635641908,0.7056541883680837,0.11953529616203337,0.7642072825662314,-9.688830045308436,0.05855309419814769,0.9769833799301556
AB08_Seokhyun::RA_0p8mps,AB08_Seokhyun,RA_0p8mps,ankle_angle_l,0.23077182688387524,0.858834333594831,0.11903641536592266,0.9514245812810134,48.418133628667775,0.0925902476861824,0.9656698222822423
AB08_Seokhyun::RD_0p8mps,AB08_Seokhyun,RD_0p8mps,hip_flexion_r,0.1371958605314347,0.8389978364171202,0.13296365504496055,0.845772344598831,3.0847909478321762,0.00677450818171077,0.9896440759516628
AB08_Seokhyun::RD_0p8mps,AB08_Seokhyun,RD_0p8mps,knee_angle_r,0.11778104693023575,0.8754011054661045,0.08334830182635192,0.9453289323732693,29.23453815475005,0.06992782690716481,0.9953537074662994
AB08_Seokhyun::RD_0p8mps,AB08_Seokhyun,RD_0p8mps,ankle_angle_r,0.18475361588326367,0.92930553301919,0.16764637669301782,0.9229407253600534,9.259488161279089,-0.0063648076591366065,0.9195560428695597
AB08_Seokhyun::RD_0p8mps,AB08_Seokhyun,RD_0p8mps,hip_flexion_l,0.13764488052341847,0.8780787228193285,0.11171131802948056,0.9108609169202432,18.840920487068644,0.03278219410091465,0.9772053987631647
AB08_Seokhyun::RD_0p8mps,AB08_Seokhyun,RD_0p8mps,knee_angle_l,0.11154008746749904,0.8383177949749365,0.10434208246364977,0.9073997378908722,6.453289725047636,0.06908194291593572,0.9952886672825381
AB08_Seokhyun::RD_0p8mps,AB08_Seokhyun,RD_0p8mps,ankle_angle_l,0.1340822248790031,0.9430540956576524,0.14206186080260066,0.9481003767847271,-5.951300353792952,0.005046281127074725,0.9197544762737069
